order_id,user_id,product_id,order_date,quantity
O0001,U0396,E0021,2023-01-29,3
O0002,U0296,M0090,2023-09-01,1
O0003,U0777,F0014,2023-10-05,2
O0004,U0592,G0122,2023-02-13,4
O0005,U0222,M0006,2023-02-24,3
O0006,U0577,E0079,2023-06-10,1
O0007,U0216,F0044,2023-06-08,4
O0008,U0702,G0097,2023-04-22,2
O0009,U0575,G0035,2023-02-21,2
O0010,U0311,E0011,2023-02-10,3
O0011,U0389,M0052,2023-07-06,2
O0012,U0372,M0061,2023-03-28,1
O0013,U0658,E0013,2023-08-13,2
O0014,U0167,M0100,2023-04-30,3
O0015,U0378,F0041,2023-11-23,4
O0016,U0465,F0028,2023-07-08,3
O0017,U0192,F0041,2023-04-06,4
O0018,U0206,E0070,2023-04-07,1
O0019,U0755,M0060,2023-05-05,4
O0020,U0986,F0021,2023-05-12,2
O0021,U0639,M0015,2023-05-01,1
O0022,U1000,M0012,2023-10-09,1
O0023,U0514,G0019,2023-02-23,4
O0024,U0994,G0066,2023-10-16,4
O0025,U0347,G0059,2023-06-22,3
O0026,U0845,M0101,2023-08-06,3
O0027,U0735,G0011,2023-10-14,4
O0028,U0709,E0014,2023-11-17,2
O0029,U0559,F0116,2023-04-25,2
O0030,U0066,M0120,2023-01-16,4
O0031,U0563,F0106,2023-08-14,1
O0032,U0271,F0038,2023-05-21,2
O0033,U0470,E0028,2023-05-07,1
O0034,U0541,F0059,2023-07-22,1
O0035,U0276,M0114,2023-03-26,3
O0036,U0256,E0062,2023-03-13,2
O0037,U0661,G0072,2023-10-08,1
O0038,U0658,M0056,2023-10-02,2
O0039,U0694,G0114,2023-08-21,2
O0040,U0217,F0075,2023-03-30,2
O0041,U0469,E0114,2023-03-25,3
O0042,U0055,F0024,2023-12-04,2
O0043,U0290,F0060,2023-09-21,1
O0044,U0489,G0022,2023-05-01,1
O0045,U0273,M0038,2023-01-04,2
O0046,U0654,G0043,2023-04-20,3
O0047,U0706,G0043,2023-03-12,1
O0048,U0702,F0040,2023-09-25,3
O0049,U0231,E0006,2023-02-01,1
O0050,U0109,M0020,2023-12-08,2
O0051,U0694,F0095,2023-07-03,2
O0052,U0358,E0095,2023-03-21,4
O0053,U0213,E0017,2023-03-09,3
O0054,U0420,M0037,2023-12-02,3
O0055,U0968,G0099,2023-10-02,1
O0056,U0863,M0076,2023-01-09,1
O0057,U0183,G0100,2023-10-28,4
O0058,U0140,M0047,2023-05-05,3
O0059,U0703,F0013,2023-07-23,2
O0060,U0338,F0027,2023-03-21,2
O0061,U0456,G0074,2023-11-17,3
O0062,U0969,G0006,2023-05-16,3
O0063,U0698,F0033,2023-07-02,4
O0064,U0903,M0089,2023-04-05,1
O0065,U0411,G0010,2023-08-19,4
O0066,U0323,G0026,2023-05-15,2
O0067,U0496,G0038,2023-11-15,4
O0068,U0231,G0091,2023-02-07,2
O0069,U0544,F0054,2023-05-24,4
O0070,U0435,G0029,2023-03-05,3
O0071,U0231,M0099,2023-11-24,4
O0072,U0179,G0090,2023-09-16,3
O0073,U0024,E0061,2023-08-02,2
O0074,U0971,F0082,2023-07-29,2
O0075,U0700,G0019,2023-12-13,4
O0076,U0795,F0075,2023-02-25,2
O0077,U0044,F0062,2023-05-22,3
O0078,U0696,F0112,2023-04-04,2
O0079,U0158,G0006,2023-02-23,2
O0080,U0311,M0113,2023-09-29,1
O0081,U0460,M0031,2023-08-17,1
O0082,U0395,F0035,2023-07-28,3
O0083,U0589,E0009,2023-02-18,1
O0084,U0172,G0043,2023-06-27,1
O0085,U0077,F0125,2023-06-20,1
O0086,U0719,M0106,2023-09-25,4
O0087,U0927,F0076,2023-04-05,1
O0088,U0029,E0068,2023-09-11,3
O0089,U0991,M0016,2023-03-10,1
O0090,U0734,F0006,2023-03-14,2
O0091,U0057,G0073,2023-07-27,1
O0092,U0555,G0016,2023-10-20,3
O0093,U0222,E0098,2023-10-15,1
O0094,U0032,M0003,2023-07-19,3
O0095,U0141,M0083,2023-06-03,2
O0096,U0275,M0043,2023-06-06,1
O0097,U0732,G0050,2023-05-11,3
O0098,U0982,F0060,2023-06-12,3
O0099,U0834,G0020,2023-12-15,2
O0100,U0241,G0074,2023-11-27,3
O0101,U0324,M0022,2023-10-23,1
O0102,U0954,M0107,2023-08-08,1
O0103,U0657,M0086,2023-09-16,4
O0104,U0092,F0067,2023-08-23,3
O0105,U0922,M0057,2023-07-27,4
O0106,U0316,G0015,2023-03-18,1
O0107,U0338,E0092,2023-03-19,3
O0108,U0520,E0040,2023-12-05,3
O0109,U0598,M0095,2023-07-30,3
O0110,U0148,G0072,2023-02-22,1
O0111,U0329,M0022,2023-10-29,2
O0112,U0411,E0038,2023-06-14,3
O0113,U0699,M0108,2023-08-06,2
O0114,U0922,M0116,2023-11-29,3
O0115,U0882,G0046,2023-01-19,1
O0116,U0876,G0119,2023-01-22,4
O0117,U0656,F0037,2023-02-09,2
O0118,U0713,G0120,2023-03-16,1
O0119,U0802,M0001,2023-04-17,4
O0120,U0516,M0085,2023-11-20,3
O0121,U0982,E0075,2023-12-12,2
O0122,U0224,M0096,2023-11-22,1
O0123,U0990,M0057,2023-02-28,3
O0124,U0355,M0054,2023-09-27,4
O0125,U0411,E0031,2023-02-25,2
O0126,U0148,E0100,2023-06-28,4
O0127,U0286,E0118,2023-10-08,4
O0128,U0322,M0116,2023-03-07,2
O0129,U0637,E0107,2023-09-06,4
O0130,U0428,G0070,2023-08-21,3
O0131,U0313,E0002,2023-06-19,1
O0132,U0115,F0028,2023-12-11,1
O0133,U0693,M0108,2023-12-04,4
O0134,U0391,M0059,2023-06-25,4
O0135,U0859,E0019,2023-10-26,4
O0136,U0677,F0005,2023-07-18,1
O0137,U0286,G0030,2023-02-24,3
O0138,U0971,M0099,2023-10-30,3
O0139,U0551,M0002,2023-01-29,2
O0140,U0554,E0091,2023-02-17,1
O0141,U0507,G0001,2023-07-21,3
O0142,U0747,G0069,2023-06-12,1
O0143,U0773,G0065,2023-03-07,2
O0144,U0151,E0065,2023-06-21,4
O0145,U0284,E0018,2023-01-07,2
O0146,U0821,E0010,2023-03-27,1
O0147,U0847,G0102,2023-09-14,3
O0148,U0932,F0041,2023-02-02,4
O0149,U0835,E0029,2023-12-13,4
O0150,U0491,G0042,2023-03-11,2
O0151,U0970,G0096,2023-12-30,3
O0152,U0316,E0052,2023-01-24,1
O0153,U0961,E0001,2023-11-29,3
O0154,U0216,F0124,2023-06-08,4
O0155,U0910,M0098,2023-01-18,4
O0156,U0102,G0040,2023-08-19,1
O0157,U0946,M0097,2023-08-05,4
O0158,U0022,F0124,2023-02-28,4
O0159,U0596,M0043,2023-08-23,3
O0160,U0807,G0043,2023-01-18,1
O0161,U0490,M0121,2023-03-12,2
O0162,U0373,G0101,2023-12-16,4
O0163,U0360,E0021,2023-11-13,4
O0164,U0760,G0078,2023-01-25,4
O0165,U0104,G0015,2023-04-24,3
O0166,U0598,E0088,2023-07-10,3
O0167,U0001,M0052,2023-08-17,2
O0168,U0213,F0098,2023-07-25,1
O0169,U0889,F0088,2023-09-07,1
O0170,U0596,G0055,2023-04-21,1
O0171,U0850,F0024,2023-05-24,2
O0172,U0261,M0029,2023-06-13,1
O0173,U0656,E0060,2023-08-21,3
O0174,U0182,G0028,2023-10-23,3
O0175,U0836,G0041,2023-07-13,2
O0176,U0924,G0120,2023-11-29,4
O0177,U0321,G0005,2023-08-11,4
O0178,U0495,F0106,2023-07-03,4
O0179,U0461,M0039,2023-08-08,4
O0180,U0244,M0046,2023-05-26,4
O0181,U0421,F0038,2023-05-15,2
O0182,U0855,M0044,2023-05-15,1
O0183,U0876,E0029,2023-07-13,3
O0184,U0754,M0009,2023-01-04,1
O0185,U0165,E0122,2023-06-15,2
O0186,U0941,G0093,2023-01-17,4
O0187,U0741,M0072,2023-01-31,1
O0188,U0618,M0071,2023-07-26,3
O0189,U0776,F0032,2023-04-11,4
O0190,U0551,M0028,2023-08-29,1
O0191,U0505,G0001,2023-06-22,2
O0192,U0360,G0042,2023-12-25,1
O0193,U0577,F0025,2023-01-21,4
O0194,U0788,G0114,2023-04-07,3
O0195,U0904,M0035,2023-11-29,3
O0196,U0466,M0069,2023-12-15,4
O0197,U0951,F0001,2023-04-02,3
O0198,U0987,F0016,2023-07-03,2
O0199,U0089,G0020,2023-01-15,1
O0200,U0426,F0013,2023-02-18,4
O0201,U0471,F0104,2023-01-26,3
O0202,U0283,F0016,2023-12-15,4
O0203,U0999,M0066,2023-12-17,4
O0204,U0608,F0099,2023-02-20,1
O0205,U0026,E0084,2023-05-09,2
O0206,U0503,F0034,2023-06-17,1
O0207,U0308,G0122,2023-12-22,1
O0208,U0991,E0120,2023-03-20,2
O0209,U0444,F0040,2023-01-19,3
O0210,U0137,F0054,2023-07-26,4
O0211,U0864,G0121,2023-08-28,2
O0212,U0750,E0118,2023-08-24,1
O0213,U0103,F0043,2023-11-07,3
O0214,U0447,M0086,2023-06-03,3
O0215,U0246,G0026,2023-05-11,2
O0216,U0170,G0068,2023-04-05,4
O0217,U0558,M0095,2023-06-20,2
O0218,U0126,G0053,2023-08-09,4
O0219,U0502,E0079,2023-11-20,4
O0220,U0084,M0035,2023-06-07,1
O0221,U0272,M0103,2023-06-03,1
O0222,U0655,E0041,2023-04-25,1
O0223,U0172,M0068,2023-05-02,3
O0224,U0932,E0039,2023-11-25,1
O0225,U0199,G0021,2023-03-18,3
O0226,U0969,E0035,2023-07-16,1
O0227,U0660,E0042,2023-01-08,4
O0228,U0308,E0047,2023-09-26,3
O0229,U0040,M0002,2023-09-21,1
O0230,U0744,E0055,2023-05-29,4
O0231,U0518,E0093,2023-06-27,1
O0232,U0129,E0109,2023-12-02,3
O0233,U0811,G0044,2023-09-06,2
O0234,U0142,G0087,2023-06-07,2
O0235,U0147,M0093,2023-06-03,4
O0236,U0845,G0032,2023-10-31,4
O0237,U0668,E0093,2023-03-29,3
O0238,U0613,F0085,2023-03-19,4
O0239,U0839,E0054,2023-08-16,3
O0240,U0836,M0031,2023-07-19,2
O0241,U0599,E0020,2023-05-18,4
O0242,U0695,E0001,2023-07-21,3
O0243,U0276,E0085,2023-01-29,1
O0244,U0206,E0111,2023-06-11,1
O0245,U0567,E0071,2023-05-05,4
O0246,U0727,F0093,2023-12-30,2
O0247,U0164,G0114,2023-09-06,1
O0248,U0311,F0019,2023-01-21,2
O0249,U0597,F0123,2023-12-10,3
O0250,U0613,E0014,2023-09-20,1
O0251,U0295,F0022,2023-09-07,2
O0252,U0018,M0026,2023-02-02,2
O0253,U0152,E0124,2023-04-05,3
O0254,U0982,G0104,2023-09-06,3
O0255,U0698,F0005,2023-02-01,3
O0256,U0688,G0124,2023-11-29,4
O0257,U0001,M0001,2023-11-22,4
O0258,U0811,G0018,2023-03-27,4
O0259,U0894,E0037,2023-01-04,2
O0260,U0116,M0068,2023-01-21,1
O0261,U0750,F0078,2023-09-20,1
O0262,U0347,F0039,2023-12-06,2
O0263,U0914,G0107,2023-10-17,1
O0264,U0527,F0078,2023-05-05,3
O0265,U0738,E0055,2023-07-05,2
O0266,U0564,G0016,2023-09-28,2
O0267,U0742,G0079,2023-08-03,3
O0268,U0347,F0041,2023-09-22,2
O0269,U0196,F0038,2023-10-19,4
O0270,U0061,F0099,2023-04-05,2
O0271,U0048,M0075,2023-03-09,2
O0272,U0732,G0068,2023-09-11,1
O0273,U0854,M0110,2023-11-27,4
O0274,U0656,G0089,2023-11-04,2
O0275,U0170,F0019,2023-11-17,4
O0276,U0654,M0042,2023-11-28,2
O0277,U0908,M0054,2023-08-23,4
O0278,U0298,E0051,2023-04-25,1
O0279,U0676,F0060,2023-11-18,2
O0280,U0842,E0043,2023-01-14,2
O0281,U0347,M0002,2023-02-11,1
O0282,U0187,G0078,2023-01-19,2
O0283,U0110,F0065,2023-11-06,1
O0284,U0070,F0051,2023-03-26,3
O0285,U0707,F0097,2023-11-20,1
O0286,U0658,F0107,2023-05-03,2
O0287,U0590,E0071,2023-04-10,3
O0288,U0914,F0025,2023-07-23,2
O0289,U0319,E0106,2023-07-16,4
O0290,U0679,F0125,2023-05-13,3
O0291,U0169,M0076,2023-04-03,2
O0292,U0952,G0065,2023-07-27,2
O0293,U0205,G0016,2023-05-14,2
O0294,U0755,G0086,2023-07-10,3
O0295,U0971,G0023,2023-11-15,3
O0296,U0739,G0023,2023-11-03,2
O0297,U0677,E0115,2023-12-26,3
O0298,U0928,M0120,2023-06-29,3
O0299,U0704,E0107,2023-03-11,3
O0300,U0922,G0039,2023-02-28,1
O0301,U0012,G0095,2023-04-05,1
O0302,U0876,F0026,2023-06-24,2
O0303,U0036,G0120,2023-12-17,3
O0304,U0889,G0040,2023-12-15,3
O0305,U0554,E0053,2023-01-28,2
O0306,U0189,F0007,2023-11-07,3
O0307,U0593,F0101,2023-05-14,1
O0308,U0685,F0067,2023-02-20,3
O0309,U0228,G0036,2023-10-08,3
O0310,U0167,F0016,2023-03-24,1
O0311,U0940,M0102,2023-09-25,1
O0312,U0416,G0069,2023-01-17,1
O0313,U0076,F0023,2023-01-10,3
O0314,U0888,F0093,2023-09-30,2
O0315,U0821,G0061,2023-08-06,1
O0316,U0589,M0124,2023-07-19,4
O0317,U0474,F0104,2023-08-04,4
O0318,U0315,E0122,2023-02-04,1
O0319,U0011,G0041,2023-01-13,2
O0320,U0492,E0102,2023-01-01,3
O0321,U0144,F0087,2023-12-25,2
O0322,U0479,E0070,2023-11-08,4
O0323,U0274,G0003,2023-01-12,1
O0324,U0479,F0117,2023-04-22,3
O0325,U0930,E0081,2023-09-25,1
O0326,U0199,E0110,2023-02-27,1
O0327,U0359,E0070,2023-02-04,3
O0328,U0994,E0059,2023-01-25,2
O0329,U0039,M0068,2023-12-01,2
O0330,U0507,E0122,2023-06-29,3
O0331,U0569,G0027,2023-03-12,1
O0332,U0509,F0045,2023-09-13,2
O0333,U0574,G0030,2023-11-05,3
O0334,U0678,M0100,2023-03-27,2
O0335,U0831,F0026,2023-04-24,4
O0336,U0893,E0013,2023-11-14,2
O0337,U0266,F0062,2023-10-20,1
O0338,U0318,M0052,2023-10-18,4
O0339,U0953,E0041,2023-10-01,2
O0340,U0165,E0107,2023-06-03,4
O0341,U0960,M0093,2023-05-15,1
O0342,U0341,M0031,2023-02-25,2
O0343,U0104,M0117,2023-02-27,4
O0344,U0116,E0073,2023-04-18,3
O0345,U0294,E0011,2023-06-16,4
O0346,U0608,F0124,2023-10-31,1
O0347,U0895,F0073,2023-07-01,2
O0348,U0901,E0049,2023-01-29,2
O0349,U0742,F0046,2023-12-22,4
O0350,U0220,M0103,2023-07-03,3
O0351,U0522,E0075,2023-08-25,1
O0352,U0618,E0083,2023-09-22,3
O0353,U0694,M0074,2023-05-14,2
O0354,U0089,F0018,2023-07-23,1
O0355,U0507,E0060,2023-01-13,4
O0356,U0170,F0066,2023-01-20,2
O0357,U0447,E0108,2023-03-29,1
O0358,U0026,F0042,2023-09-09,4
O0359,U0576,F0106,2023-06-17,2
O0360,U0798,F0069,2023-10-28,3
O0361,U0087,E0017,2023-05-08,2
O0362,U0682,E0030,2023-09-14,4
O0363,U0438,E0002,2023-08-31,3
O0364,U0275,E0022,2023-07-14,3
O0365,U0452,E0068,2023-03-23,2
O0366,U0432,M0013,2023-05-26,3
O0367,U0076,G0003,2023-12-09,3
O0368,U0207,G0058,2023-02-27,4
O0369,U0379,G0013,2023-11-04,3
O0370,U0993,E0082,2023-10-07,4
O0371,U0342,G0075,2023-04-04,1
O0372,U0226,G0038,2023-12-02,4
O0373,U0028,G0064,2023-03-03,2
O0374,U0639,M0100,2023-09-02,1
O0375,U0112,M0089,2023-07-08,3
O0376,U0852,M0054,2023-01-17,2
O0377,U0228,F0005,2023-08-06,3
O0378,U0542,G0100,2023-06-22,3
O0379,U0304,E0036,2023-08-06,1
O0380,U0277,E0020,2023-02-16,2
O0381,U0067,M0054,2023-11-23,2
O0382,U0545,F0003,2023-09-29,3
O0383,U0757,F0046,2023-03-15,4
O0384,U0734,F0108,2023-05-08,2
O0385,U0607,F0016,2023-02-10,1
O0386,U0103,G0110,2023-02-28,1
O0387,U0697,G0097,2023-03-21,2
O0388,U0279,G0108,2023-12-14,2
O0389,U0623,M0118,2023-12-03,2
O0390,U0385,F0120,2023-03-06,1
O0391,U0206,F0050,2023-10-13,1
O0392,U0476,M0091,2023-04-09,2
O0393,U0103,G0012,2023-02-11,3
O0394,U0611,E0059,2023-03-13,3
O0395,U0348,E0098,2023-02-14,4
O0396,U0248,G0044,2023-05-20,1
O0397,U0488,E0073,2023-04-02,2
O0398,U0113,E0108,2023-07-11,1
O0399,U0865,E0027,2023-06-28,2
O0400,U0769,E0099,2023-10-07,3
O0401,U0491,E0111,2023-09-22,4
O0402,U0577,E0094,2023-08-09,4
O0403,U0203,M0063,2023-11-21,1
O0404,U0289,M0058,2023-02-14,1
O0405,U0654,G0007,2023-08-19,1
O0406,U0326,M0039,2023-02-06,1
O0407,U0348,E0016,2023-02-07,3
O0408,U0935,M0030,2023-08-31,4
O0409,U0541,F0009,2023-08-03,3
O0410,U0550,M0057,2023-11-04,3
O0411,U0847,F0096,2023-09-13,3
O0412,U0820,E0118,2023-05-11,4
O0413,U0400,F0002,2023-04-21,2
O0414,U0419,G0118,2023-06-17,3
O0415,U0004,E0098,2023-06-09,4
O0416,U0171,G0035,2023-09-12,2
O0417,U0008,G0038,2023-01-08,1
O0418,U0622,F0091,2023-01-28,2
O0419,U0668,M0052,2023-08-16,4
O0420,U0995,E0012,2023-08-27,3
O0421,U0889,G0082,2023-09-02,1
O0422,U0233,E0065,2023-08-22,1
O0423,U0710,E0101,2023-08-13,2
O0424,U0773,E0105,2023-06-25,2
O0425,U0295,E0097,2023-03-23,3
O0426,U0569,E0015,2023-08-31,3
O0427,U0773,F0038,2023-02-25,3
O0428,U0461,M0013,2023-03-29,1
O0429,U0434,F0096,2023-08-03,1
O0430,U0364,M0088,2023-07-01,3
O0431,U0462,G0101,2023-11-05,3
O0432,U0934,G0051,2023-06-24,4
O0433,U0072,E0122,2023-11-07,1
O0434,U0201,F0122,2023-09-29,4
O0435,U0947,M0029,2023-07-11,4
O0436,U0634,F0045,2023-08-06,2
O0437,U0913,F0112,2023-10-30,1
O0438,U0310,M0029,2023-03-18,4
O0439,U0016,M0059,2023-06-13,1
O0440,U0232,F0043,2023-12-23,3
O0441,U0471,E0092,2023-03-17,4
O0442,U0249,E0071,2023-09-02,1
O0443,U0255,G0051,2023-09-14,4
O0444,U0445,E0053,2023-12-10,1
O0445,U0444,G0094,2023-09-16,4
O0446,U0205,M0065,2023-04-05,2
O0447,U0987,M0032,2023-09-03,1
O0448,U0124,M0050,2023-09-30,1
O0449,U0949,M0040,2023-05-05,1
O0450,U0228,G0047,2023-06-27,3
O0451,U0632,M0066,2023-06-19,3
O0452,U0045,F0048,2023-02-17,1
O0453,U0037,F0110,2023-12-04,3
O0454,U0608,M0059,2023-11-21,1
O0455,U0118,E0023,2023-03-03,3
O0456,U0990,F0052,2023-05-14,3
O0457,U0018,G0114,2023-01-08,1
O0458,U0351,E0073,2023-05-29,4
O0459,U0698,F0112,2023-05-23,1
O0460,U0628,F0017,2023-10-20,1
O0461,U0365,F0103,2023-04-02,1
O0462,U0265,G0078,2023-02-22,4
O0463,U0359,G0104,2023-12-19,4
O0464,U0608,F0062,2023-10-13,4
O0465,U0496,E0033,2023-01-07,4
O0466,U0362,M0124,2023-02-21,3
O0467,U0626,E0123,2023-08-09,4
O0468,U0774,F0089,2023-12-29,2
O0469,U0863,M0026,2023-01-14,2
O0470,U0667,M0124,2023-01-15,2
O0471,U0379,M0030,2023-01-27,3
O0472,U0059,F0097,2023-11-05,4
O0473,U0212,F0038,2023-06-30,1
O0474,U0759,E0046,2023-12-29,3
O0475,U0426,F0080,2023-09-17,1
O0476,U0425,F0109,2023-09-12,1
O0477,U0487,M0075,2023-02-10,2
O0478,U0656,F0030,2023-09-12,2
O0479,U0163,G0027,2023-07-17,3
O0480,U0503,G0074,2023-04-18,1
O0481,U0940,E0012,2023-06-05,2
O0482,U0393,E0007,2023-05-11,1
O0483,U0403,F0035,2023-02-18,1
O0484,U0041,M0080,2023-10-17,1
O0485,U0010,E0080,2023-09-16,3
O0486,U0953,G0089,2023-04-12,4
O0487,U0711,F0027,2023-10-28,3
O0488,U0221,G0041,2023-07-12,1
O0489,U0945,G0071,2023-03-06,3
O0490,U0955,F0117,2023-10-06,2
O0491,U0857,E0006,2023-08-05,4
O0492,U0266,E0068,2023-04-15,4
O0493,U0675,M0107,2023-05-28,1
O0494,U0712,M0125,2023-11-05,1
O0495,U0422,M0056,2023-11-10,3
O0496,U0302,M0054,2023-05-20,2
O0497,U0019,F0054,2023-09-28,2
O0498,U0327,F0042,2023-03-01,3
O0499,U0146,F0101,2023-09-16,3
O0500,U0372,G0028,2023-02-03,4
O0501,U0656,G0058,2023-11-12,2
O0502,U0153,E0086,2023-10-02,2
O0503,U0069,E0001,2023-10-05,1
O0504,U0277,E0088,2023-05-08,1
O0505,U0534,G0005,2023-05-08,3
O0506,U0567,E0051,2023-05-23,3
O0507,U0069,M0057,2023-09-08,4
O0508,U0900,M0119,2023-04-11,4
O0509,U0689,F0038,2023-04-08,4
O0510,U0197,E0103,2023-07-18,1
O0511,U0377,M0042,2023-05-20,1
O0512,U0941,M0023,2023-07-05,4
O0513,U0710,F0111,2023-08-14,2
O0514,U0169,E0115,2023-05-24,2
O0515,U0753,G0063,2023-02-04,3
O0516,U0185,G0023,2023-08-31,4
O0517,U0342,F0015,2023-06-15,1
O0518,U0520,M0125,2023-01-23,2
O0519,U0031,F0113,2023-01-28,2
O0520,U0857,E0080,2023-01-04,3
O0521,U0214,E0084,2023-05-15,3
O0522,U0783,M0014,2023-06-05,3
O0523,U0396,E0104,2023-09-26,1
O0524,U0603,M0077,2023-11-02,4
O0525,U0307,G0080,2023-01-22,2
O0526,U0063,G0019,2023-10-17,1
O0527,U0878,M0058,2023-10-23,1
O0528,U0604,F0085,2023-06-05,2
O0529,U0906,F0077,2023-03-31,3
O0530,U0298,F0048,2023-07-19,4
O0531,U0899,E0059,2023-12-14,1
O0532,U0679,M0008,2023-08-02,4
O0533,U0790,F0076,2023-04-01,4
O0534,U0224,M0085,2023-08-10,3
O0535,U0960,G0025,2023-08-14,4
O0536,U0039,E0109,2023-09-07,4
O0537,U0073,E0059,2023-12-28,3
O0538,U0641,F0112,2023-02-02,4
O0539,U0333,M0060,2023-06-14,4
O0540,U0873,M0014,2023-12-10,1
O0541,U0596,F0105,2023-12-30,1
O0542,U0192,M0070,2023-06-21,4
O0543,U0544,E0121,2023-09-01,4
O0544,U0676,M0020,2023-01-13,3
O0545,U0133,E0011,2023-09-13,4
O0546,U0294,M0079,2023-11-24,1
O0547,U0727,F0111,2023-10-11,2
O0548,U0590,F0017,2023-01-08,1
O0549,U0480,F0034,2023-10-18,3
O0550,U0202,F0071,2023-01-15,2
O0551,U0756,E0030,2023-11-16,1
O0552,U0883,E0107,2023-11-21,3
O0553,U0506,E0080,2023-12-05,2
O0554,U0795,E0092,2023-11-30,4
O0555,U0313,G0017,2023-03-08,4
O0556,U0416,M0063,2023-10-31,3
O0557,U0369,E0041,2023-01-21,2
O0558,U0233,M0105,2023-08-23,2
O0559,U0269,G0050,2023-06-14,1
O0560,U0368,F0025,2023-02-16,1
O0561,U0315,F0112,2023-02-28,2
O0562,U0906,E0014,2023-07-11,3
O0563,U0683,E0113,2023-05-24,2
O0564,U0853,F0065,2023-06-23,4
O0565,U0181,G0100,2023-12-28,2
O0566,U0035,F0095,2023-01-26,1
O0567,U0356,F0055,2023-10-30,4
O0568,U0526,E0045,2023-04-16,3
O0569,U0206,E0059,2023-12-18,2
O0570,U0174,M0081,2023-09-30,4
O0571,U0577,M0042,2023-08-12,4
O0572,U0118,E0104,2023-04-22,4
O0573,U0989,F0034,2023-07-29,1
O0574,U0038,F0045,2023-08-09,3
O0575,U0834,M0050,2023-12-30,3
O0576,U0371,G0071,2023-04-20,4
O0577,U0056,E0104,2023-01-14,1
O0578,U0704,F0023,2023-07-27,1
O0579,U0813,E0097,2023-03-12,3
O0580,U0733,F0043,2023-10-16,1
O0581,U0673,F0032,2023-01-07,4
O0582,U0161,F0015,2023-01-24,2
O0583,U0046,M0028,2023-08-04,4
O0584,U0716,E0002,2023-11-26,4
O0585,U0816,G0030,2023-02-14,1
O0586,U0131,M0016,2023-11-05,4
O0587,U0968,E0023,2023-07-03,3
O0588,U0791,M0048,2023-10-01,3
O0589,U0244,F0083,2023-11-29,1
O0590,U0165,G0083,2023-06-18,4
O0591,U0956,F0047,2023-05-05,1
O0592,U0467,G0113,2023-04-10,2
O0593,U0349,M0058,2023-10-01,2
O0594,U0075,F0091,2023-05-29,2
O0595,U0706,E0015,2023-12-08,1
O0596,U0802,F0039,2023-09-22,4
O0597,U0985,M0112,2023-04-29,1
O0598,U0976,M0094,2023-08-21,2
O0599,U0640,M0068,2023-09-07,2
O0600,U0494,M0112,2023-02-15,3
O0601,U0346,F0066,2023-11-15,4
O0602,U0003,E0034,2023-06-06,3
O0603,U0334,M0113,2023-11-28,3
O0604,U0756,G0086,2023-11-27,2
O0605,U0377,E0049,2023-11-11,3
O0606,U0835,E0124,2023-04-05,3
O0607,U0223,E0063,2023-04-19,2
O0608,U0532,G0099,2023-12-01,4
O0609,U0366,F0070,2023-08-18,2
O0610,U0409,M0087,2023-09-17,4
O0611,U0213,M0030,2023-04-05,4
O0612,U0358,F0082,2023-08-19,4
O0613,U0342,M0063,2023-12-27,4
O0614,U0563,G0066,2023-03-28,1
O0615,U0885,G0104,2023-05-21,2
O0616,U0967,E0111,2023-02-17,3
O0617,U0050,F0006,2023-10-12,4
O0618,U0090,E0055,2023-10-09,2
O0619,U0851,M0080,2023-12-26,4
O0620,U0181,M0039,2023-08-22,4
O0621,U0065,F0071,2023-04-05,1
O0622,U0484,E0071,2023-09-25,1
O0623,U0009,M0086,2023-08-28,1
O0624,U0060,M0122,2023-10-20,1
O0625,U0860,E0088,2023-09-07,3
O0626,U0432,M0039,2023-10-06,2
O0627,U0321,M0123,2023-05-21,4
O0628,U0749,G0095,2023-03-04,2
O0629,U0595,E0043,2023-09-11,4
O0630,U0028,G0014,2023-07-08,4
O0631,U0359,F0048,2023-08-16,4
O0632,U0317,M0082,2023-01-22,3
O0633,U0708,M0038,2023-06-28,2
O0634,U0084,E0038,2023-01-13,4
O0635,U0331,G0015,2023-11-14,1
O0636,U0230,E0004,2023-12-20,3
O0637,U0791,E0024,2023-03-09,2
O0638,U0793,M0085,2023-05-13,4
O0639,U0457,G0114,2023-12-09,2
O0640,U0508,M0059,2023-08-11,3
O0641,U0815,G0005,2023-09-07,1
O0642,U0951,G0058,2023-05-05,1
O0643,U0650,E0075,2023-09-04,4
O0644,U0098,F0119,2023-12-09,1
O0645,U0383,M0009,2023-09-28,1
O0646,U0545,F0107,2023-12-15,4
O0647,U0871,M0018,2023-04-10,4
O0648,U0732,E0117,2023-06-22,3
O0649,U0133,M0087,2023-07-27,2
O0650,U0008,F0105,2023-09-13,4
O0651,U0593,F0050,2023-03-19,3
O0652,U0543,F0080,2023-09-30,3
O0653,U0457,M0044,2023-05-12,3
O0654,U0521,G0124,2023-11-28,1
O0655,U0410,M0093,2023-06-17,1
O0656,U0800,F0086,2023-03-20,4
O0657,U0040,E0089,2023-05-01,3
O0658,U0359,M0108,2023-01-17,4
O0659,U0324,E0104,2023-11-11,1
O0660,U0105,M0008,2023-07-25,1
O0661,U0658,G0031,2023-09-26,2
O0662,U0981,G0023,2023-01-06,1
O0663,U0234,M0003,2023-05-18,3
O0664,U0947,G0047,2023-03-28,4
O0665,U0394,F0113,2023-02-11,3
O0666,U0037,G0095,2023-07-15,4
O0667,U0722,E0070,2023-04-22,1
O0668,U0470,M0089,2023-01-26,2
O0669,U0504,F0055,2023-09-22,1
O0670,U0750,M0017,2023-11-02,4
O0671,U0166,F0026,2023-05-30,1
O0672,U0264,E0095,2023-11-17,4
O0673,U0615,G0014,2023-05-29,2
O0674,U0861,G0063,2023-06-21,1
O0675,U0698,E0057,2023-12-16,4
O0676,U0238,F0002,2023-02-03,4
O0677,U0771,E0103,2023-07-02,3
O0678,U0501,G0017,2023-06-17,3
O0679,U0433,F0026,2023-09-02,2
O0680,U0577,E0123,2023-03-03,2
O0681,U0396,E0077,2023-10-22,3
O0682,U0715,G0036,2023-07-11,3
O0683,U0313,E0097,2023-01-16,4
O0684,U0319,F0093,2023-07-13,2
O0685,U0773,M0036,2023-10-30,3
O0686,U0517,F0019,2023-10-17,1
O0687,U0995,F0104,2023-06-14,3
O0688,U0926,E0047,2023-06-01,3
O0689,U0194,M0077,2023-09-25,3
O0690,U0849,M0043,2023-05-21,3
O0691,U0917,F0053,2023-08-15,1
O0692,U0880,M0013,2023-04-28,1
O0693,U0292,E0008,2023-08-31,1
O0694,U0421,G0046,2023-05-26,1
O0695,U0545,E0051,2023-06-01,4
O0696,U0411,E0057,2023-04-26,4
O0697,U0718,M0068,2023-05-30,4
O0698,U0787,E0100,2023-03-11,4
O0699,U0912,E0077,2023-06-16,2
O0700,U0336,G0054,2023-03-06,2
O0701,U0383,E0121,2023-04-19,4
O0702,U0166,E0096,2023-04-03,4
O0703,U0405,F0103,2023-04-22,1
O0704,U0569,G0011,2023-10-27,3
O0705,U0634,E0105,2023-02-24,4
O0706,U0880,M0056,2023-09-10,2
O0707,U0314,E0089,2023-06-16,1
O0708,U0104,M0090,2023-06-15,1
O0709,U0858,G0065,2023-12-12,4
O0710,U0477,F0075,2023-03-09,1
O0711,U0611,M0082,2023-11-04,2
O0712,U0796,E0026,2023-04-07,3
O0713,U0782,G0120,2023-08-30,4
O0714,U0868,M0004,2023-12-26,4
O0715,U0134,M0042,2023-12-28,1
O0716,U0247,G0102,2023-06-01,2
O0717,U0597,G0106,2023-04-05,2
O0718,U0579,G0029,2023-05-05,2
O0719,U0555,F0112,2023-08-24,2
O0720,U0365,M0079,2023-12-19,4
O0721,U0795,F0082,2023-11-27,1
O0722,U0369,F0118,2023-08-05,1
O0723,U0761,E0024,2023-06-11,1
O0724,U0981,M0047,2023-10-02,2
O0725,U0708,M0093,2023-07-07,3
O0726,U0059,E0087,2023-04-17,4
O0727,U0042,E0099,2023-11-05,4
O0728,U0697,E0034,2023-03-03,3
O0729,U0861,G0029,2023-01-20,3
O0730,U0958,G0116,2023-11-03,4
O0731,U0086,E0013,2023-01-03,1
O0732,U0955,G0057,2023-04-28,2
O0733,U0140,G0055,2023-02-03,1
O0734,U0889,E0100,2023-04-25,1
O0735,U0512,G0058,2023-02-16,4
O0736,U0491,F0019,2023-06-29,2
O0737,U0868,E0061,2023-05-06,2
O0738,U0167,E0119,2023-11-14,4
O0739,U0797,M0078,2023-06-23,1
O0740,U0387,E0038,2023-05-23,3
O0741,U0534,F0003,2023-04-22,2
O0742,U0424,E0089,2023-04-20,2
O0743,U0933,M0085,2023-10-02,3
O0744,U0984,M0002,2023-11-21,2
O0745,U0320,M0015,2023-12-21,3
O0746,U0193,F0109,2023-04-22,2
O0747,U0352,F0088,2023-12-05,2
O0748,U0110,M0002,2023-04-19,4
O0749,U0321,G0040,2023-07-15,1
O0750,U0474,M0102,2023-07-01,3
O0751,U0436,M0037,2023-09-25,3
O0752,U0850,M0123,2023-08-07,1
O0753,U0272,G0021,2023-09-16,3
O0754,U0054,M0073,2023-05-31,4
O0755,U0468,G0098,2023-04-17,4
O0756,U0085,M0079,2023-12-18,4
O0757,U0441,F0110,2023-08-24,4
O0758,U0586,G0049,2023-12-08,3
O0759,U0369,F0120,2023-05-26,3
O0760,U0634,F0018,2023-04-20,1
O0761,U0653,G0013,2023-08-20,4
O0762,U0187,F0050,2023-04-21,4
O0763,U0284,F0006,2023-04-25,2
O0764,U0822,G0026,2023-03-24,3
O0765,U0241,M0006,2023-08-03,1
O0766,U0690,F0027,2023-09-16,2
O0767,U0986,E0100,2023-05-08,3
O0768,U0343,M0053,2023-05-13,1
O0769,U0891,G0007,2023-02-19,2
O0770,U0045,G0094,2023-01-16,3
O0771,U0563,F0124,2023-02-25,1
O0772,U0083,F0029,2023-02-17,4
O0773,U0183,F0034,2023-11-22,4
O0774,U0911,F0029,2023-02-07,1
O0775,U0889,E0121,2023-02-17,2
O0776,U0155,G0103,2023-01-04,4
O0777,U0374,E0087,2023-09-12,4
O0778,U0071,M0017,2023-06-23,3
O0779,U0306,M0015,2023-10-04,4
O0780,U0564,F0101,2023-03-10,1
O0781,U0217,E0025,2023-03-08,4
O0782,U0644,F0029,2023-02-05,1
O0783,U0785,G0027,2023-01-27,3
O0784,U0385,M0025,2023-04-11,2
O0785,U0061,G0113,2023-10-09,2
O0786,U0942,M0111,2023-01-17,3
O0787,U0383,M0031,2023-10-20,2
O0788,U0264,F0013,2023-10-25,4
O0789,U0611,G0123,2023-08-23,4
O0790,U0902,F0096,2023-01-27,4
O0791,U0740,F0125,2023-09-29,2
O0792,U0682,F0123,2023-08-07,2
O0793,U0392,M0124,2023-03-11,3
O0794,U0175,E0043,2023-05-22,2
O0795,U0139,F0034,2023-10-30,4
O0796,U0956,F0017,2023-12-13,1
O0797,U0122,G0029,2023-08-09,4
O0798,U0973,E0045,2023-03-11,2
O0799,U0727,M0003,2023-05-12,4
O0800,U0292,G0058,2023-05-17,4
O0801,U0082,G0116,2023-06-25,3
O0802,U0995,E0009,2023-05-09,1
O0803,U0801,E0032,2023-05-24,3
O0804,U0246,F0109,2023-08-06,4
O0805,U0851,E0102,2023-06-05,1
O0806,U0291,F0046,2023-07-06,4
O0807,U0516,M0042,2023-10-25,3
O0808,U0622,M0103,2023-01-25,2
O0809,U0508,G0028,2023-03-07,2
O0810,U0372,G0119,2023-04-16,4
O0811,U0110,E0087,2023-04-14,1
O0812,U0816,F0096,2023-10-09,4
O0813,U0710,M0001,2023-04-20,3
O0814,U0821,M0017,2023-12-22,3
O0815,U0033,E0022,2023-06-04,1
O0816,U0329,M0121,2023-11-17,3
O0817,U0654,G0069,2023-01-07,4
O0818,U0902,E0084,2023-05-18,2
O0819,U0640,G0108,2023-06-30,2
O0820,U0403,E0038,2023-03-28,1
O0821,U0398,M0025,2023-08-02,3
O0822,U0167,M0049,2023-01-04,4
O0823,U0439,M0053,2023-07-30,2
O0824,U0513,E0026,2023-07-10,1
O0825,U0616,G0065,2023-12-16,2
O0826,U0883,G0044,2023-08-18,4
O0827,U0908,F0010,2023-01-20,1
O0828,U0665,E0117,2023-01-29,4
O0829,U0996,M0099,2023-01-03,2
O0830,U0010,F0090,2023-12-24,2
O0831,U0540,M0066,2023-05-13,4
O0832,U0316,M0101,2023-02-01,1
O0833,U0180,F0107,2023-01-25,1
O0834,U0210,M0117,2023-08-01,4
O0835,U0670,M0013,2023-10-03,2
O0836,U0259,G0009,2023-02-26,1
O0837,U0643,G0017,2023-07-28,4
O0838,U0229,E0024,2023-12-06,4
O0839,U0508,G0071,2023-10-31,4
O0840,U0584,F0068,2023-07-10,2
O0841,U0628,G0032,2023-12-06,1
O0842,U0202,M0023,2023-04-15,4
O0843,U0101,G0045,2023-06-30,2
O0844,U0800,E0061,2023-10-19,4
O0845,U0792,F0120,2023-05-30,4
O0846,U0740,E0100,2023-09-10,4
O0847,U0857,E0125,2023-01-31,1
O0848,U0486,F0026,2023-10-16,3
O0849,U0325,E0001,2023-02-05,1
O0850,U0083,G0078,2023-12-12,4
O0851,U0342,F0006,2023-04-25,1
O0852,U0004,F0033,2023-08-25,3
O0853,U0010,G0060,2023-03-13,4
O0854,U0975,F0067,2023-08-18,3
O0855,U0937,G0068,2023-09-20,3
O0856,U0723,M0076,2023-12-04,1
O0857,U0252,E0080,2023-06-01,4
O0858,U0857,F0046,2023-10-31,3
O0859,U0289,G0044,2023-08-26,3
O0860,U0010,E0113,2023-10-23,4
O0861,U0334,M0079,2023-08-27,1
O0862,U0878,F0068,2023-08-08,3
O0863,U0980,F0012,2023-10-22,2
O0864,U0936,G0005,2023-10-22,2
O0865,U0269,E0094,2023-09-08,2
O0866,U0373,G0077,2023-01-12,1
O0867,U0108,G0075,2023-10-21,3
O0868,U0050,E0096,2023-03-06,2
O0869,U0577,E0031,2023-10-14,3
O0870,U0732,E0116,2023-09-12,2
O0871,U0140,G0006,2023-03-25,2
O0872,U0700,E0103,2023-04-26,2
O0873,U0519,G0100,2023-02-16,3
O0874,U0636,E0042,2023-02-22,2
O0875,U0571,E0098,2023-07-23,4
O0876,U0102,E0093,2023-12-23,1
O0877,U0533,E0016,2023-02-27,2
O0878,U0800,E0056,2023-06-06,3
O0879,U0048,M0077,2023-10-16,3
O0880,U0387,F0046,2023-03-19,3
O0881,U0517,F0112,2023-10-31,3
O0882,U0147,F0113,2023-06-13,4
O0883,U0982,F0099,2023-08-08,4
O0884,U0848,G0009,2023-07-07,3
O0885,U0937,F0001,2023-03-27,2
O0886,U0562,F0020,2023-01-19,3
O0887,U0723,F0015,2023-05-26,2
O0888,U0933,F0078,2023-01-05,1
O0889,U0281,E0062,2023-04-04,2
O0890,U0084,E0096,2023-12-07,2
O0891,U0390,E0012,2023-01-08,1
O0892,U0104,F0108,2023-05-29,2
O0893,U0496,G0093,2023-10-16,2
O0894,U0994,F0047,2023-06-17,1
O0895,U0860,E0058,2023-01-11,3
O0896,U0042,F0050,2023-06-21,4
O0897,U0920,G0010,2023-07-28,2
O0898,U0686,E0059,2023-07-05,2
O0899,U0987,M0039,2023-11-19,1
O0900,U0112,G0108,2023-01-18,2
O0901,U0019,E0053,2023-10-05,4
O0902,U0753,E0011,2023-03-07,4
O0903,U0854,M0028,2023-10-01,1
O0904,U0577,M0017,2023-08-03,2
O0905,U0869,E0044,2023-05-29,2
O0906,U0603,M0083,2023-04-17,1
O0907,U0732,G0072,2023-07-15,3
O0908,U0593,M0115,2023-10-17,3
O0909,U0721,E0118,2023-12-01,2
O0910,U0372,M0012,2023-06-16,2
O0911,U0006,E0089,2023-02-14,4
O0912,U0529,F0099,2023-04-17,3
O0913,U0809,M0061,2023-12-03,1
O0914,U0040,G0011,2023-10-09,1
O0915,U0526,G0019,2023-10-04,2
O0916,U0965,E0022,2023-06-25,1
O0917,U0345,E0092,2023-06-12,3
O0918,U0605,M0053,2023-12-03,3
O0919,U0894,M0038,2023-10-02,4
O0920,U0747,M0005,2023-03-07,3
O0921,U0300,E0084,2023-09-16,2
O0922,U0962,F0113,2023-06-27,3
O0923,U0188,G0052,2023-01-17,4
O0924,U0134,F0037,2023-06-21,3
O0925,U0810,G0027,2023-02-04,1
O0926,U0021,E0070,2023-08-09,1
O0927,U0526,M0043,2023-03-17,2
O0928,U0073,E0004,2023-08-06,3
O0929,U0495,G0038,2023-09-09,3
O0930,U0676,F0015,2023-11-18,2
O0931,U0695,F0065,2023-11-26,4
O0932,U0835,M0016,2023-07-25,2
O0933,U0030,E0042,2023-11-12,2
O0934,U0399,F0113,2023-12-05,2
O0935,U0393,M0113,2023-10-09,2
O0936,U0014,F0060,2023-05-10,3
O0937,U0409,F0107,2023-10-10,3
O0938,U0947,F0072,2023-04-05,3
O0939,U0943,M0014,2023-05-12,1
O0940,U0605,M0079,2023-01-13,3
O0941,U0648,M0119,2023-06-24,3
O0942,U0935,M0057,2023-08-29,3
O0943,U0009,G0020,2023-11-02,2
O0944,U0480,M0110,2023-01-03,3
O0945,U0979,G0070,2023-11-03,3
O0946,U0512,F0007,2023-04-26,4
O0947,U0928,E0076,2023-05-22,2
O0948,U0987,M0112,2023-11-28,1
O0949,U0837,E0095,2023-06-01,1
O0950,U0428,F0098,2023-08-18,4
O0951,U0406,G0118,2023-06-27,1
O0952,U0683,F0036,2023-11-03,4
O0953,U0217,F0047,2023-10-08,3
O0954,U0201,G0007,2023-08-25,1
O0955,U0220,F0072,2023-09-18,4
O0956,U0252,G0003,2023-03-29,4
O0957,U0515,E0052,2023-03-01,4
O0958,U0731,E0029,2023-03-04,4
O0959,U0976,G0061,2023-08-17,2
O0960,U0185,F0122,2023-03-21,3
O0961,U0219,M0064,2023-05-06,3
O0962,U0894,M0070,2023-06-21,3
O0963,U0144,G0101,2023-12-02,3
O0964,U0877,E0047,2023-07-01,2
O0965,U0334,M0101,2023-07-24,1
O0966,U0813,E0023,2023-06-14,2
O0967,U0598,F0085,2023-08-15,2
O0968,U0296,M0030,2023-12-24,4
O0969,U0300,M0048,2023-09-14,1
O0970,U0860,G0072,2023-09-06,1
O0971,U0815,M0117,2023-05-20,3
O0972,U0266,M0005,2023-11-27,3
O0973,U0315,M0039,2023-06-30,4
O0974,U0622,G0040,2023-03-13,2
O0975,U0412,G0005,2023-10-17,1
O0976,U0415,E0100,2023-05-27,3
O0977,U0955,G0009,2023-10-23,2
O0978,U0749,G0046,2023-09-02,4
O0979,U0576,M0092,2023-11-10,4
O0980,U0753,E0061,2023-12-14,2
O0981,U0608,F0097,2023-01-27,4
O0982,U0532,G0050,2023-09-30,1
O0983,U0428,F0011,2023-10-28,4
O0984,U0856,F0006,2023-03-25,2
O0985,U0210,F0013,2023-09-06,1
O0986,U0041,M0072,2023-06-13,1
O0987,U0815,E0041,2023-06-01,4
O0988,U0413,E0072,2023-08-05,4
O0989,U0815,M0072,2023-05-15,2
O0990,U0773,M0030,2023-02-12,1
O0991,U0773,G0009,2023-03-13,4
O0992,U0421,E0066,2023-06-14,3
O0993,U0727,M0070,2023-06-02,3
O0994,U0057,G0080,2023-12-28,4
O0995,U0733,F0053,2023-12-15,2
O0996,U0594,E0032,2023-09-29,3
O0997,U0268,F0114,2023-04-26,3
O0998,U0972,F0043,2023-01-16,1
O0999,U0596,E0005,2023-03-20,3
O1000,U0191,M0106,2023-01-05,2
O1001,U0863,F0080,2023-04-10,2
O1002,U0859,M0041,2023-03-27,4
O1003,U0702,M0075,2023-02-20,3
O1004,U0115,F0021,2023-04-16,1
O1005,U0049,M0022,2023-11-17,1
O1006,U0734,G0057,2023-05-08,3
O1007,U0461,F0049,2023-08-08,3
O1008,U0641,F0125,2023-06-03,1
O1009,U0431,G0069,2023-02-15,3
O1010,U0959,G0027,2023-05-10,4
O1011,U0583,E0019,2023-12-23,1
O1012,U0617,M0018,2023-09-19,4
O1013,U0312,E0082,2023-04-13,1
O1014,U0706,G0122,2023-02-06,4
O1015,U0900,E0013,2023-10-23,3
O1016,U0571,F0070,2023-01-18,1
O1017,U0735,E0078,2023-10-15,2
O1018,U0467,F0076,2023-08-03,1
O1019,U0487,F0070,2023-10-16,4
O1020,U0129,M0019,2023-04-14,2
O1021,U0748,E0035,2023-08-02,1
O1022,U0457,E0097,2023-05-21,2
O1023,U0702,F0073,2023-03-04,4
O1024,U0738,E0103,2023-03-02,4
O1025,U0223,G0055,2023-10-01,3
O1026,U0191,M0091,2023-03-21,4
O1027,U0521,E0098,2023-08-09,1
O1028,U0919,E0098,2023-06-13,1
O1029,U0796,E0072,2023-11-03,4
O1030,U0165,M0012,2023-07-04,4
O1031,U0662,F0015,2023-09-07,1
O1032,U0207,F0073,2023-05-24,2
O1033,U0658,E0005,2023-10-06,1
O1034,U0304,E0088,2023-06-07,1
O1035,U0462,E0109,2023-03-19,2
O1036,U0067,M0093,2023-09-09,3
O1037,U0010,F0008,2023-10-31,4
O1038,U0137,E0057,2023-04-23,4
O1039,U0575,F0042,2023-07-05,3
O1040,U0150,M0081,2023-06-05,2
O1041,U0411,F0013,2023-02-10,4
O1042,U0616,E0107,2023-04-18,1
O1043,U0105,G0064,2023-05-08,2
O1044,U0780,F0041,2023-09-12,3
O1045,U0303,G0116,2023-01-30,1
O1046,U0367,E0097,2023-02-08,4
O1047,U0367,F0111,2023-12-03,4
O1048,U0864,F0095,2023-09-26,4
O1049,U0224,M0102,2023-02-22,4
O1050,U0459,F0087,2023-10-11,2
O1051,U0257,E0069,2023-04-21,2
O1052,U0951,M0120,2023-02-16,2
O1053,U0567,G0021,2023-04-02,4
O1054,U0479,G0107,2023-07-21,1
O1055,U0199,E0046,2023-07-30,1
O1056,U0225,F0012,2023-05-14,2
O1057,U0724,E0004,2023-01-28,4
O1058,U0637,E0110,2023-11-21,2
O1059,U0048,M0046,2023-02-28,2
O1060,U0010,M0074,2023-04-15,1
O1061,U0132,G0062,2023-12-20,3
O1062,U0106,G0101,2023-10-14,3
O1063,U0310,F0055,2023-10-07,4
O1064,U0960,M0118,2023-07-01,3
O1065,U0606,M0086,2023-06-25,3
O1066,U0955,E0080,2023-02-16,4
O1067,U0636,F0014,2023-04-13,1
O1068,U0278,E0114,2023-05-25,2
O1069,U0923,F0054,2023-09-30,1
O1070,U0009,M0040,2023-11-02,1
O1071,U0806,F0007,2023-10-22,3
O1072,U0574,G0103,2023-02-06,4
O1073,U0689,G0085,2023-05-03,3
O1074,U0785,E0101,2023-11-25,2
O1075,U0735,M0023,2023-03-09,4
O1076,U0696,E0115,2023-10-29,3
O1077,U0618,E0021,2023-10-14,3
O1078,U0759,E0032,2023-02-25,2
O1079,U0165,G0102,2023-04-20,2
O1080,U0263,M0110,2023-05-16,3
O1081,U0006,F0041,2023-11-24,3
O1082,U0194,M0068,2023-12-27,1
O1083,U0473,M0024,2023-08-29,3
O1084,U0553,M0056,2023-04-19,4
O1085,U0527,M0094,2023-03-24,3
O1086,U0383,G0099,2023-07-31,2
O1087,U0006,E0002,2023-07-08,1
O1088,U0067,M0041,2023-03-08,2
O1089,U0232,E0038,2023-11-24,3
O1090,U0202,M0109,2023-02-08,4
O1091,U0205,M0021,2023-05-01,4
O1092,U0732,E0062,2023-06-28,1
O1093,U0186,G0054,2023-06-13,2
O1094,U0930,E0120,2023-05-06,4
O1095,U0884,M0061,2023-12-11,2
O1096,U0120,E0113,2023-11-02,4
O1097,U0826,G0105,2023-06-22,1
O1098,U0860,F0120,2023-09-26,4
O1099,U0381,M0072,2023-10-30,3
O1100,U0096,E0083,2023-06-14,2
O1101,U0207,F0068,2023-01-14,4
O1102,U0502,F0040,2023-08-19,4
O1103,U0528,E0070,2023-05-11,3
O1104,U0830,M0056,2023-08-22,4
O1105,U0272,M0022,2023-01-24,3
O1106,U0744,G0122,2023-07-01,2
O1107,U0599,E0072,2023-03-22,2
O1108,U0186,E0111,2023-07-27,4
O1109,U0707,F0021,2023-10-15,4
O1110,U0582,F0038,2023-10-10,2
O1111,U0118,G0099,2023-07-10,2
O1112,U0294,M0093,2023-02-18,4
O1113,U0565,G0009,2023-04-26,3
O1114,U0746,E0006,2023-11-09,2
O1115,U0459,E0085,2023-12-08,3
O1116,U0630,M0045,2023-04-15,3
O1117,U0368,F0026,2023-05-27,2
O1118,U0569,M0059,2023-05-01,2
O1119,U0893,G0092,2023-08-29,2
O1120,U0511,G0110,2023-10-04,4
O1121,U0995,M0004,2023-01-02,1
O1122,U0304,G0092,2023-11-08,3
O1123,U0934,E0081,2023-01-13,2
O1124,U0803,G0063,2023-02-25,2
O1125,U0320,E0034,2023-11-16,3
O1126,U0477,M0114,2023-07-03,1
O1127,U0928,F0047,2023-02-10,4
O1128,U0667,G0080,2023-12-10,4
O1129,U0031,G0055,2023-06-08,4
O1130,U0654,M0113,2023-05-16,3
O1131,U0795,E0013,2023-12-15,4
O1132,U0390,G0119,2023-06-27,3
O1133,U0759,E0065,2023-11-04,4
O1134,U0863,F0122,2023-10-22,3
O1135,U0035,E0002,2023-02-21,4
O1136,U0047,E0034,2023-09-09,2
O1137,U0606,F0009,2023-07-20,1
O1138,U0544,M0033,2023-05-20,3
O1139,U0369,M0111,2023-09-05,3
O1140,U0798,E0003,2023-03-20,1
O1141,U0555,M0044,2023-01-08,2
O1142,U0017,F0037,2023-09-13,3
O1143,U0983,F0076,2023-07-17,2
O1144,U0288,M0059,2023-06-27,3
O1145,U0930,G0107,2023-04-14,2
O1146,U0413,G0088,2023-02-08,2
O1147,U0244,M0093,2023-05-15,2
O1148,U0834,G0019,2023-10-18,3
O1149,U0032,G0103,2023-11-16,3
O1150,U0653,G0057,2023-01-13,2
O1151,U0246,M0084,2023-08-16,2
O1152,U0542,F0036,2023-02-12,4
O1153,U0119,F0066,2023-06-04,3
O1154,U0413,E0043,2023-10-26,3
O1155,U0406,F0073,2023-02-20,2
O1156,U0070,F0063,2023-09-01,1
O1157,U0385,F0092,2023-12-02,3
O1158,U0838,G0036,2023-09-10,1
O1159,U0968,E0123,2023-02-18,2
O1160,U0880,M0054,2023-09-20,2
O1161,U0147,E0098,2023-03-03,3
O1162,U0784,E0002,2023-05-05,1
O1163,U0105,F0054,2023-04-24,3
O1164,U0066,F0116,2023-12-23,4
O1165,U0516,F0125,2023-10-12,2
O1166,U0155,E0089,2023-09-08,2
O1167,U0752,M0079,2023-06-29,1
O1168,U0197,M0054,2023-10-10,3
O1169,U0077,E0059,2023-10-28,4
O1170,U0735,F0042,2023-05-26,4
O1171,U0042,E0065,2023-10-10,3
O1172,U0283,E0066,2023-10-27,3
O1173,U0436,M0050,2023-06-08,1
O1174,U0989,M0046,2023-06-04,1
O1175,U0876,G0113,2023-11-18,2
O1176,U0658,E0004,2023-09-02,4
O1177,U0920,F0057,2023-11-12,1
O1178,U0257,E0036,2023-11-08,2
O1179,U0863,G0033,2023-07-22,3
O1180,U0496,F0026,2023-12-22,1
O1181,U0558,M0081,2023-02-14,1
O1182,U0430,F0093,2023-05-28,3
O1183,U0836,M0063,2023-04-11,1
O1184,U0994,M0042,2023-04-04,4
O1185,U0567,F0063,2023-05-13,1
O1186,U0441,E0034,2023-10-09,3
O1187,U0414,G0083,2023-08-22,1
O1188,U0328,M0118,2023-08-28,2
O1189,U0376,M0065,2023-07-02,1
O1190,U0018,E0062,2023-03-18,1
O1191,U0144,E0006,2023-11-21,2
O1192,U0696,E0064,2023-06-07,2
O1193,U0207,M0125,2023-09-24,3
O1194,U0426,E0021,2023-11-29,3
O1195,U0295,G0037,2023-04-09,3
O1196,U0705,F0098,2023-01-28,4
O1197,U0270,M0008,2023-09-20,3
O1198,U0526,F0015,2023-10-13,2
O1199,U0555,E0110,2023-03-19,1
O1200,U0225,F0024,2023-12-17,3
O1201,U0345,E0102,2023-03-23,1
O1202,U0370,E0113,2023-02-09,3
O1203,U0526,G0095,2023-04-18,1
O1204,U0849,G0008,2023-01-23,1
O1205,U0373,E0113,2023-02-18,2
O1206,U0390,M0075,2023-12-24,2
O1207,U0973,G0064,2023-03-31,2
O1208,U0129,G0119,2023-09-01,1
O1209,U0776,M0095,2023-11-12,2
O1210,U0432,M0040,2023-10-13,2
O1211,U0567,F0034,2023-04-18,3
O1212,U0527,F0072,2023-01-14,2
O1213,U0388,G0015,2023-12-09,2
O1214,U0869,E0078,2023-11-10,2
O1215,U0199,F0090,2023-02-26,2
O1216,U0789,E0047,2023-04-08,4
O1217,U0908,F0111,2023-12-12,4
O1218,U0181,F0105,2023-03-07,4
O1219,U0045,M0106,2023-02-24,4
O1220,U0931,E0072,2023-06-17,1
O1221,U0332,G0004,2023-05-11,1
O1222,U0748,G0071,2023-10-09,4
O1223,U0279,F0115,2023-09-20,2
O1224,U0615,E0100,2023-08-19,3
O1225,U0320,G0066,2023-06-10,2
O1226,U0706,E0051,2023-01-28,2
O1227,U0403,E0002,2023-05-04,1
O1228,U0741,M0064,2023-04-07,2
O1229,U0451,M0101,2023-09-28,4
O1230,U0538,M0062,2023-04-09,2
O1231,U0129,F0114,2023-06-03,3
O1232,U0264,M0056,2023-05-25,3
O1233,U0679,E0095,2023-08-02,1
O1234,U0452,G0102,2023-01-15,3
O1235,U0246,M0049,2023-12-07,1
O1236,U0822,M0020,2023-06-21,4
O1237,U0004,M0074,2023-07-20,1
O1238,U0946,G0027,2023-03-13,4
O1239,U0672,G0095,2023-03-15,3
O1240,U0111,E0069,2023-10-07,4
O1241,U0099,M0119,2023-08-13,2
O1242,U0030,G0079,2023-08-29,2
O1243,U0561,E0038,2023-07-29,3
O1244,U0395,F0017,2023-02-09,3
O1245,U0116,F0112,2023-01-20,1
O1246,U0410,M0106,2023-09-01,4
O1247,U0188,F0060,2023-02-05,1
O1248,U0596,E0034,2023-06-03,3
O1249,U0476,E0107,2023-04-01,2
O1250,U0918,G0026,2023-08-16,2
O1251,U0911,E0113,2023-09-11,2
O1252,U0488,E0067,2023-07-06,3
O1253,U0578,E0058,2023-09-17,1
O1254,U0045,F0060,2023-05-03,1
O1255,U0224,G0087,2023-09-24,1
O1256,U0787,F0120,2023-01-26,3
O1257,U0534,E0079,2023-07-08,4
O1258,U0418,E0025,2023-02-28,4
O1259,U0854,F0057,2023-11-08,4
O1260,U0640,G0085,2023-04-30,2
O1261,U0646,G0004,2023-12-08,2
O1262,U0055,M0001,2023-04-19,3
O1263,U0908,G0016,2023-08-10,2
O1264,U0659,E0101,2023-11-29,2
O1265,U0954,M0008,2023-05-17,3
O1266,U0620,G0122,2023-12-23,1
O1267,U0559,M0121,2023-06-17,2
O1268,U0852,F0040,2023-04-21,4
O1269,U0444,E0008,2023-11-23,3
O1270,U0872,E0072,2023-02-19,2
O1271,U0116,E0010,2023-07-03,1
O1272,U0904,F0024,2023-11-06,3
O1273,U0909,F0026,2023-06-05,3
O1274,U0528,M0077,2023-09-06,3
O1275,U0316,M0001,2023-01-07,1
O1276,U0045,F0090,2023-12-29,4
O1277,U0123,G0024,2023-06-19,4
O1278,U0365,G0049,2023-06-03,2
O1279,U0877,G0047,2023-07-31,4
O1280,U0239,E0029,2023-09-11,3
O1281,U0564,F0035,2023-04-08,1
O1282,U0779,G0106,2023-10-06,3
O1283,U0293,E0063,2023-11-20,3
O1284,U0949,F0032,2023-03-01,1
O1285,U0483,E0057,2023-08-21,2
O1286,U0476,M0027,2023-07-03,3
O1287,U0207,E0065,2023-01-26,1
O1288,U0964,F0065,2023-12-01,3
O1289,U0830,M0084,2023-03-10,4
O1290,U0006,F0048,2023-07-17,4
O1291,U0454,F0117,2023-01-28,4
O1292,U0019,G0026,2023-07-15,3
O1293,U0054,E0047,2023-01-30,2
O1294,U0746,M0052,2023-07-09,4
O1295,U0673,F0006,2023-08-01,2
O1296,U0377,E0002,2023-12-26,3
O1297,U0607,E0037,2023-10-12,4
O1298,U0973,G0102,2023-05-25,1
O1299,U0776,F0101,2023-11-12,2
O1300,U0816,G0088,2023-09-01,1
O1301,U0308,G0111,2023-11-10,3
O1302,U0849,F0019,2023-01-23,1
O1303,U0226,E0056,2023-11-07,3
O1304,U0245,F0073,2023-11-14,3
O1305,U0826,M0067,2023-12-22,4
O1306,U0019,M0082,2023-10-17,1
O1307,U0571,G0002,2023-12-18,2
O1308,U0778,G0067,2023-08-15,3
O1309,U0804,E0073,2023-10-21,2
O1310,U0283,E0055,2023-07-10,3
O1311,U0474,G0113,2023-10-05,4
O1312,U0358,F0037,2023-05-22,3
O1313,U0197,G0012,2023-05-16,4
O1314,U0885,E0010,2023-02-12,4
O1315,U0031,F0048,2023-02-17,2
O1316,U0054,E0020,2023-06-10,4
O1317,U0046,F0096,2023-02-21,1
O1318,U0197,G0098,2023-10-27,1
O1319,U0576,F0023,2023-08-19,2
O1320,U0174,E0053,2023-06-28,1
O1321,U0957,G0118,2023-07-20,2
O1322,U0689,F0027,2023-08-02,4
O1323,U0192,E0064,2023-12-22,2
O1324,U0376,G0103,2023-11-24,1
O1325,U0325,F0025,2023-07-12,1
O1326,U0371,E0090,2023-02-01,2
O1327,U0030,F0106,2023-12-17,2
O1328,U0369,F0121,2023-11-07,1
O1329,U0627,M0027,2023-01-19,3
O1330,U0026,G0005,2023-04-02,4
O1331,U0122,M0016,2023-01-28,4
O1332,U0249,E0047,2023-01-18,1
O1333,U0957,M0030,2023-03-19,3
O1334,U0740,G0014,2023-07-27,4
O1335,U0860,E0070,2023-09-30,4
O1336,U0380,E0014,2023-07-29,4
O1337,U0796,F0103,2023-09-13,3
O1338,U0063,M0081,2023-07-16,2
O1339,U0165,M0118,2023-09-06,1
O1340,U0459,G0051,2023-10-14,1
O1341,U0957,M0062,2023-02-12,1
O1342,U0543,M0009,2023-01-01,4
O1343,U0971,E0052,2023-01-28,2
O1344,U0525,E0055,2023-11-28,3
O1345,U0557,M0061,2023-06-16,3
O1346,U0499,E0069,2023-09-20,4
O1347,U0916,F0034,2023-06-29,4
O1348,U0544,G0105,2023-08-22,4
O1349,U0698,F0106,2023-08-06,2
O1350,U0909,E0044,2023-01-10,1
O1351,U0165,F0061,2023-09-15,4
O1352,U0474,M0004,2023-03-12,4
O1353,U0815,M0025,2023-04-28,1
O1354,U0395,M0045,2023-08-28,1
O1355,U0019,G0036,2023-12-15,1
O1356,U0132,F0017,2023-09-20,4
O1357,U0567,F0019,2023-03-25,4
O1358,U0198,E0117,2023-10-08,1
O1359,U0719,E0013,2023-12-25,4
O1360,U0906,F0081,2023-12-08,2
O1361,U0040,G0014,2023-04-23,1
O1362,U0171,M0022,2023-11-12,2
O1363,U0910,G0007,2023-10-31,3
O1364,U0165,G0101,2023-11-08,4
O1365,U0487,M0080,2023-08-05,4
O1366,U0312,G0103,2023-06-27,3
O1367,U0692,G0053,2023-11-14,4
O1368,U0722,M0100,2023-05-27,3
O1369,U0245,G0084,2023-08-15,1
O1370,U0646,G0106,2023-12-13,1
O1371,U0153,F0008,2023-06-27,1
O1372,U0951,E0005,2023-03-19,2
O1373,U0818,E0065,2023-08-16,4
O1374,U0646,G0030,2023-03-23,2
O1375,U0507,M0106,2023-04-16,1
O1376,U0862,E0011,2023-01-10,3
O1377,U0144,F0100,2023-02-09,1
O1378,U0194,F0115,2023-03-12,1
O1379,U0774,G0086,2023-12-20,4
O1380,U0949,M0010,2023-12-11,1
O1381,U0519,G0113,2023-05-19,4
O1382,U0009,E0017,2023-12-06,1
O1383,U0208,M0009,2023-04-14,3
O1384,U0812,E0031,2023-12-25,4
O1385,U0111,G0027,2023-09-06,4
O1386,U0651,E0087,2023-07-21,2
O1387,U0841,F0114,2023-10-13,2
O1388,U0288,F0106,2023-08-26,3
O1389,U0372,F0066,2023-09-30,2
O1390,U0578,G0108,2023-12-27,4
O1391,U0128,E0083,2023-06-26,3
O1392,U0931,G0109,2023-03-22,1
O1393,U0361,E0061,2023-11-22,2
O1394,U0377,M0119,2023-09-06,4
O1395,U0250,G0086,2023-10-20,3
O1396,U0816,E0077,2023-12-16,4
O1397,U0515,M0026,2023-05-23,1
O1398,U0182,E0104,2023-11-29,4
O1399,U0281,M0112,2023-04-05,2
O1400,U0042,F0104,2023-05-11,1
O1401,U0301,E0049,2023-10-25,2
O1402,U0729,G0015,2023-02-28,1
O1403,U0983,F0059,2023-06-06,3
O1404,U0897,E0071,2023-03-05,1
O1405,U0450,E0049,2023-05-09,1
O1406,U0750,M0041,2023-05-02,2
O1407,U0802,F0083,2023-11-12,2
O1408,U0270,G0093,2023-03-11,4
O1409,U0838,F0004,2023-05-18,3
O1410,U0450,E0036,2023-12-20,3
O1411,U0841,M0036,2023-12-02,2
O1412,U0555,G0063,2023-11-04,1
O1413,U0331,E0065,2023-10-18,3
O1414,U0620,F0028,2023-07-22,4
O1415,U0317,G0002,2023-08-25,1
O1416,U0641,F0022,2023-10-03,2
O1417,U0337,F0122,2023-11-03,4
O1418,U0350,M0012,2023-05-17,4
O1419,U0782,G0115,2023-01-25,4
O1420,U0792,M0117,2023-10-28,1
O1421,U0758,E0074,2023-09-27,3
O1422,U0948,F0094,2023-01-03,1
O1423,U0325,M0082,2023-01-16,2
O1424,U0856,E0081,2023-09-20,2
O1425,U0288,E0006,2023-12-26,1
O1426,U0574,M0012,2023-08-29,3
O1427,U0828,F0120,2023-03-21,3
O1428,U0086,E0043,2023-08-30,2
O1429,U0880,F0121,2023-10-14,2
O1430,U0806,F0069,2023-01-14,1
O1431,U0984,E0033,2023-09-18,4
O1432,U0614,E0049,2023-09-18,1
O1433,U0574,G0103,2023-03-20,3
O1434,U0863,G0084,2023-11-08,1
O1435,U0136,G0097,2023-01-17,2
O1436,U0313,G0009,2023-03-19,4
O1437,U0734,E0043,2023-02-27,2
O1438,U0820,F0077,2023-05-15,4
O1439,U0659,E0095,2023-03-10,1
O1440,U0597,E0007,2023-04-19,4
O1441,U0639,F0003,2023-05-12,1
O1442,U0325,F0122,2023-04-03,3
O1443,U0630,E0002,2023-05-28,4
O1444,U0113,G0047,2023-01-19,4
O1445,U0043,E0054,2023-07-08,1
O1446,U0103,G0012,2023-06-07,3
O1447,U0166,G0052,2023-08-24,1
O1448,U0919,F0081,2023-11-26,4
O1449,U0566,E0074,2023-03-12,1
O1450,U0050,G0090,2023-10-25,3
O1451,U0118,F0095,2023-09-17,2
O1452,U0682,F0069,2023-04-18,3
O1453,U0241,E0045,2023-12-23,1
O1454,U0289,E0048,2023-01-13,2
O1455,U0805,E0086,2023-10-08,3
O1456,U0988,E0022,2023-08-24,2
O1457,U0342,G0053,2023-09-09,2
O1458,U0773,M0026,2023-01-16,2
O1459,U0442,F0006,2023-03-23,3
O1460,U0670,M0113,2023-05-28,1
O1461,U0247,F0009,2023-01-23,2
O1462,U0061,E0025,2023-08-15,3
O1463,U0747,G0006,2023-02-24,3
O1464,U0280,M0122,2023-05-08,4
O1465,U0059,F0102,2023-09-15,1
O1466,U0827,G0077,2023-04-16,4
O1467,U0276,G0076,2023-10-25,1
O1468,U0245,G0072,2023-03-28,2
O1469,U0221,E0015,2023-05-10,3
O1470,U0008,E0043,2023-05-02,3
O1471,U0836,E0048,2023-01-31,4
O1472,U0635,E0026,2023-08-12,1
O1473,U0822,E0108,2023-11-27,3
O1474,U0634,F0062,2023-02-11,2
O1475,U0618,F0060,2023-07-13,2
O1476,U0562,M0069,2023-10-03,2
O1477,U0421,G0107,2023-03-03,2
O1478,U0315,G0030,2023-07-05,2
O1479,U0460,E0034,2023-11-26,2
O1480,U0565,G0060,2023-04-06,2
O1481,U0507,E0101,2023-11-04,4
O1482,U0614,G0125,2023-11-22,2
O1483,U0525,E0047,2023-11-28,1
O1484,U0168,M0095,2023-04-05,4
O1485,U0121,G0080,2023-10-14,3
O1486,U0123,E0125,2023-03-10,2
O1487,U0413,G0013,2023-01-08,1
O1488,U0520,F0029,2023-09-06,1
O1489,U0516,M0119,2023-11-24,3
O1490,U0926,M0026,2023-06-14,3
O1491,U0141,G0096,2023-04-02,1
O1492,U0321,G0073,2023-05-07,3
O1493,U0443,E0048,2023-12-01,2
O1494,U0738,E0084,2023-03-03,3
O1495,U0776,G0087,2023-04-17,4
O1496,U0462,F0089,2023-12-08,2
O1497,U0564,F0112,2023-09-23,1
O1498,U0844,F0071,2023-01-29,4
O1499,U0009,M0062,2023-05-31,2
O1500,U0824,F0050,2023-05-12,4
O1501,U0755,G0003,2023-12-07,1
O1502,U0765,G0078,2023-07-12,3
O1503,U0718,G0099,2023-07-17,3
O1504,U0096,F0043,2023-03-04,1
O1505,U0875,M0103,2023-04-19,2
O1506,U0453,E0014,2023-11-29,4
O1507,U0943,F0125,2023-10-13,4
O1508,U0113,E0062,2023-08-24,3
O1509,U0791,G0023,2023-06-19,4
O1510,U0335,G0124,2023-07-08,4
O1511,U0065,G0084,2023-10-22,1
O1512,U0590,E0027,2023-06-14,1
O1513,U0224,G0091,2023-09-21,1
O1514,U0996,E0008,2023-02-02,1
O1515,U0821,G0088,2023-11-26,2
O1516,U0447,F0067,2023-01-05,2
O1517,U0775,E0038,2023-03-12,1
O1518,U0233,E0025,2023-05-05,2
O1519,U0860,F0124,2023-01-15,2
O1520,U0325,G0087,2023-02-22,1
O1521,U0329,G0115,2023-08-07,1
O1522,U0863,F0115,2023-03-24,2
O1523,U0826,G0095,2023-09-27,3
O1524,U0269,F0100,2023-12-05,1
O1525,U0470,M0019,2023-11-29,3
O1526,U0636,F0082,2023-07-26,2
O1527,U0856,E0056,2023-09-03,4
O1528,U0249,G0106,2023-09-16,2
O1529,U0349,E0026,2023-01-23,4
O1530,U0162,E0056,2023-12-27,4
O1531,U0847,G0122,2023-10-29,3
O1532,U0979,M0026,2023-11-03,4
O1533,U0006,M0100,2023-07-09,3
O1534,U0379,E0053,2023-07-25,4
O1535,U0950,F0068,2023-04-29,1
O1536,U0702,F0068,2023-07-26,1
O1537,U0382,F0109,2023-11-26,2
O1538,U0913,M0077,2023-12-02,3
O1539,U0603,F0064,2023-05-20,1
O1540,U0201,G0049,2023-06-01,4
O1541,U0548,E0008,2023-04-19,1
O1542,U0915,G0027,2023-07-23,3
O1543,U0720,M0001,2023-01-21,3
O1544,U0255,G0101,2023-03-14,1
O1545,U0732,G0118,2023-03-19,2
O1546,U0906,F0100,2023-02-25,3
O1547,U0172,G0098,2023-07-09,2
O1548,U0005,M0063,2023-05-28,1
O1549,U0172,G0116,2023-03-31,4
O1550,U0007,M0125,2023-09-07,2
O1551,U0780,M0060,2023-04-23,2
O1552,U0081,F0111,2023-02-24,4
O1553,U0203,F0087,2023-04-15,4
O1554,U0014,F0105,2023-04-15,1
O1555,U0860,M0079,2023-10-26,4
O1556,U0032,E0058,2023-10-02,4
O1557,U0139,F0063,2023-08-30,1
O1558,U0469,M0088,2023-06-13,4
O1559,U0569,M0026,2023-04-20,4
O1560,U0638,E0008,2023-07-21,4
O1561,U0055,G0122,2023-12-03,1
O1562,U0714,E0028,2023-09-28,1
O1563,U0231,G0120,2023-11-28,2
O1564,U0323,E0001,2023-10-25,4
O1565,U0912,E0021,2023-04-28,4
O1566,U0593,G0111,2023-08-27,2
O1567,U0607,E0073,2023-09-03,2
O1568,U0685,G0054,2023-07-30,3
O1569,U0628,M0019,2023-02-27,2
O1570,U0717,G0111,2023-05-02,2
O1571,U0293,M0036,2023-10-31,4
O1572,U0958,G0024,2023-07-17,3
O1573,U0503,E0049,2023-09-18,2
O1574,U0697,E0080,2023-10-01,4
O1575,U0273,F0076,2023-09-18,2
O1576,U0737,G0074,2023-03-10,3
O1577,U0398,G0055,2023-12-15,3
O1578,U0273,M0081,2023-11-06,1
O1579,U0942,M0079,2023-12-04,2
O1580,U0288,F0022,2023-05-31,1
O1581,U0613,E0063,2023-09-30,4
O1582,U0779,M0089,2023-08-11,3
O1583,U0806,E0043,2023-03-31,3
O1584,U0102,M0109,2023-02-24,2
O1585,U0972,M0038,2023-07-19,3
O1586,U0404,E0091,2023-05-31,3
O1587,U0398,E0015,2023-08-19,1
O1588,U0201,G0020,2023-11-03,3
O1589,U0577,F0050,2023-09-24,2
O1590,U0317,M0050,2023-03-08,2
O1591,U0084,E0075,2023-01-28,4
O1592,U0141,M0060,2023-07-24,1
O1593,U0027,F0017,2023-04-27,1
O1594,U0655,E0017,2023-02-15,2
O1595,U0203,E0049,2023-08-21,1
O1596,U0506,G0092,2023-11-23,3
O1597,U0103,G0059,2023-01-01,1
O1598,U0617,E0069,2023-03-10,2
O1599,U0413,F0096,2023-10-02,4
O1600,U0549,F0040,2023-12-01,4
O1601,U0885,M0023,2023-06-04,1
O1602,U0969,M0077,2023-01-30,3
O1603,U0160,G0049,2023-05-02,4
O1604,U0453,G0109,2023-09-04,3
O1605,U0613,G0076,2023-09-10,3
O1606,U0872,G0105,2023-01-07,2
O1607,U0163,M0003,2023-04-24,3
O1608,U0202,M0079,2023-04-06,2
O1609,U0464,F0007,2023-10-15,2
O1610,U0280,G0062,2023-12-04,2
O1611,U0819,E0003,2023-12-08,3
O1612,U0438,G0037,2023-08-01,2
O1613,U0834,F0080,2023-10-26,2
O1614,U0891,M0064,2023-05-17,1
O1615,U0723,E0093,2023-05-12,2
O1616,U0023,F0047,2023-12-26,2
O1617,U0841,F0022,2023-05-22,4
O1618,U0397,G0114,2023-02-18,4
O1619,U0655,M0063,2023-05-29,3
O1620,U0955,F0096,2023-08-11,1
O1621,U0010,F0020,2023-04-16,3
O1622,U0749,G0057,2023-05-26,3
O1623,U0070,E0046,2023-02-22,3
O1624,U0734,E0040,2023-11-18,1
O1625,U0163,E0020,2023-11-13,4
O1626,U0577,G0057,2023-08-21,2
O1627,U0704,M0069,2023-02-28,3
O1628,U0733,F0061,2023-10-29,2
O1629,U0534,G0031,2023-04-22,1
O1630,U0211,M0043,2023-05-25,4
O1631,U0457,E0102,2023-05-16,2
O1632,U0011,E0038,2023-06-04,4
O1633,U0518,F0007,2023-11-28,2
O1634,U0347,E0014,2023-03-16,4
O1635,U0422,G0082,2023-07-14,4
O1636,U0701,G0072,2023-11-05,1
O1637,U0884,G0041,2023-07-12,2
O1638,U0390,M0120,2023-04-01,4
O1639,U0292,F0001,2023-03-20,3
O1640,U0616,F0083,2023-04-21,4
O1641,U0656,M0013,2023-09-04,2
O1642,U0425,F0058,2023-08-23,2
O1643,U0258,M0065,2023-04-09,3
O1644,U0027,G0066,2023-04-27,1
O1645,U0698,E0105,2023-02-19,4
O1646,U0535,E0051,2023-10-25,1
O1647,U0101,M0094,2023-05-20,4
O1648,U0033,G0122,2023-02-15,3
O1649,U0868,F0108,2023-04-26,2
O1650,U0710,G0063,2023-09-15,3
O1651,U0183,E0051,2023-10-01,2
O1652,U0393,F0086,2023-02-22,1
O1653,U0144,E0110,2023-08-16,1
O1654,U0510,M0105,2023-10-14,3
O1655,U0607,E0113,2023-04-05,1
O1656,U0509,M0055,2023-01-23,4
O1657,U0824,F0094,2023-05-11,3
O1658,U0096,F0106,2023-04-19,4
O1659,U0760,G0092,2023-04-30,4
O1660,U0111,F0044,2023-05-23,1
O1661,U0853,M0074,2023-09-11,1
O1662,U0876,E0062,2023-01-10,2
O1663,U0613,G0078,2023-08-18,4
O1664,U0050,E0118,2023-07-12,1
O1665,U0068,E0004,2023-09-20,1
O1666,U0243,G0040,2023-09-25,1
O1667,U0172,M0065,2023-03-26,2
O1668,U0206,M0050,2023-10-12,3
O1669,U0450,M0043,2023-07-08,4
O1670,U0846,G0078,2023-08-17,2
O1671,U0876,F0001,2023-08-25,2
O1672,U0144,M0041,2023-09-03,4
O1673,U0212,E0109,2023-02-06,4
O1674,U0486,F0125,2023-02-03,3
O1675,U0140,M0048,2023-12-10,4
O1676,U0597,E0099,2023-07-18,1
O1677,U0506,M0078,2023-03-20,1
O1678,U0286,E0091,2023-11-26,4
O1679,U0738,G0019,2023-04-11,4
O1680,U0834,F0003,2023-03-09,4
O1681,U0181,G0100,2023-08-14,1
O1682,U0489,F0067,2023-06-16,4
O1683,U0739,F0091,2023-05-17,4
O1684,U0168,M0096,2023-01-17,1
O1685,U0652,M0113,2023-11-07,2
O1686,U0734,M0039,2023-07-22,2
O1687,U0072,F0015,2023-08-08,1
O1688,U0792,M0065,2023-11-12,1
O1689,U0537,F0073,2023-09-05,1
O1690,U0647,G0069,2023-06-05,2
O1691,U0689,F0077,2023-09-28,4
O1692,U0146,M0059,2023-08-26,1
O1693,U0221,E0005,2023-12-17,4
O1694,U0831,E0046,2023-08-10,1
O1695,U0904,E0091,2023-11-05,1
O1696,U0098,G0079,2023-06-27,1
O1697,U0070,M0034,2023-05-18,1
O1698,U0221,F0006,2023-11-03,1
O1699,U0946,F0111,2023-10-05,4
O1700,U0596,M0088,2023-12-29,4
O1701,U0433,G0103,2023-10-30,2
O1702,U0481,F0091,2023-07-05,2
O1703,U0444,M0042,2023-09-08,3
O1704,U0187,M0034,2023-07-02,2
O1705,U0810,E0088,2023-09-04,3
O1706,U0614,E0064,2023-04-20,4
O1707,U0555,F0112,2023-03-12,4
O1708,U0192,F0099,2023-04-23,2
O1709,U0151,E0016,2023-10-28,4
O1710,U0324,E0020,2023-06-11,2
O1711,U0466,G0009,2023-08-20,3
O1712,U0330,M0059,2023-11-01,1
O1713,U0453,G0016,2023-01-20,2
O1714,U0704,M0119,2023-06-28,2
O1715,U0501,E0079,2023-01-24,4
O1716,U0036,F0002,2023-10-08,4
O1717,U0217,M0032,2023-07-05,3
O1718,U0688,G0112,2023-07-27,1
O1719,U0904,M0030,2023-09-19,2
O1720,U0247,F0083,2023-04-30,3
O1721,U0280,G0072,2023-02-14,4
O1722,U0520,E0028,2023-02-24,1
O1723,U0346,F0052,2023-06-27,3
O1724,U0567,M0054,2023-12-18,3
O1725,U0779,G0079,2023-04-15,3
O1726,U0147,M0013,2023-12-17,2
O1727,U0339,G0080,2023-10-26,1
O1728,U0029,G0089,2023-09-28,3
O1729,U0054,F0014,2023-02-27,3
O1730,U0470,M0092,2023-09-05,3
O1731,U0028,G0003,2023-05-11,2
O1732,U0507,F0101,2023-02-21,2
O1733,U0618,M0073,2023-01-30,2
O1734,U0450,E0038,2023-03-10,3
O1735,U0840,F0058,2023-02-21,2
O1736,U0041,G0081,2023-04-01,4
O1737,U0960,F0114,2023-11-05,1
O1738,U0098,E0006,2023-09-28,1
O1739,U0757,F0022,2023-01-04,3
O1740,U0839,F0006,2023-05-23,2
O1741,U0630,M0081,2023-04-21,4
O1742,U0471,G0005,2023-06-11,3
O1743,U0180,F0029,2023-06-04,1
O1744,U0812,M0069,2023-03-27,3
O1745,U0852,M0098,2023-05-29,3
O1746,U0260,M0060,2023-07-09,1
O1747,U0576,M0085,2023-08-04,3
O1748,U0891,M0115,2023-03-28,4
O1749,U0787,M0063,2023-01-25,4
O1750,U0439,M0096,2023-02-15,1
O1751,U0429,E0016,2023-10-15,1
O1752,U0273,M0071,2023-01-16,2
O1753,U0086,G0114,2023-09-04,4
O1754,U0561,F0044,2023-01-01,2
O1755,U0254,E0030,2023-10-21,4
O1756,U0633,M0014,2023-02-01,4
O1757,U0073,F0020,2023-07-03,3
O1758,U0048,F0034,2023-04-13,3
O1759,U0387,E0107,2023-09-09,2
O1760,U0931,G0096,2023-11-26,3
O1761,U0159,M0038,2023-03-20,4
O1762,U0399,F0115,2023-02-19,1
O1763,U0148,F0026,2023-09-23,3
O1764,U0249,F0031,2023-11-12,4
O1765,U0443,G0059,2023-11-12,3
O1766,U0887,E0118,2023-10-28,4
O1767,U0527,M0008,2023-02-20,4
O1768,U0035,M0092,2023-11-03,3
O1769,U0137,M0018,2023-08-07,1
O1770,U0122,F0039,2023-06-27,2
O1771,U0689,E0032,2023-07-06,1
O1772,U0852,F0057,2023-02-09,1
O1773,U0637,M0061,2023-12-17,1
O1774,U0234,G0015,2023-01-21,1
O1775,U0240,E0044,2023-06-21,1
O1776,U0263,F0083,2023-07-09,4
O1777,U0951,G0096,2023-02-06,4
O1778,U0221,G0054,2023-10-09,4
O1779,U0428,E0016,2023-12-25,1
O1780,U0357,F0055,2023-05-28,3
O1781,U0321,G0082,2023-12-16,1
O1782,U0070,G0109,2023-05-30,2
O1783,U0849,M0125,2023-12-16,2
O1784,U0332,E0115,2023-11-08,3
O1785,U0401,G0012,2023-10-17,4
O1786,U0783,F0121,2023-06-11,4
O1787,U0474,G0099,2023-02-24,2
O1788,U0659,E0045,2023-04-03,1
O1789,U0806,M0060,2023-11-19,4
O1790,U0800,F0051,2023-06-30,3
O1791,U0673,G0082,2023-10-14,3
O1792,U0407,G0112,2023-09-19,3
O1793,U0106,F0112,2023-06-30,1
O1794,U0309,F0051,2023-01-21,3
O1795,U0173,M0113,2023-04-26,1
O1796,U0353,G0055,2023-11-29,2
O1797,U0636,G0085,2023-07-30,1
O1798,U0621,M0051,2023-09-14,4
O1799,U0351,M0085,2023-01-15,2
O1800,U0663,E0103,2023-11-01,4
O1801,U0540,G0030,2023-09-02,1
O1802,U0298,G0111,2023-07-12,4
O1803,U0884,E0035,2023-06-24,2
O1804,U0724,F0025,2023-10-06,2
O1805,U0243,M0017,2023-06-20,3
O1806,U0896,G0064,2023-06-02,4
O1807,U0618,F0039,2023-10-01,4
O1808,U0782,F0094,2023-12-03,3
O1809,U0894,M0075,2023-05-23,2
O1810,U0323,F0087,2023-10-31,3
O1811,U0601,E0081,2023-05-18,2
O1812,U0588,M0053,2023-08-02,4
O1813,U0696,M0048,2023-01-13,1
O1814,U0862,E0108,2023-04-18,1
O1815,U0832,G0054,2023-04-18,1
O1816,U0608,F0041,2023-06-25,4
O1817,U0869,E0027,2023-11-25,1
O1818,U0501,F0039,2023-12-22,2
O1819,U0862,G0069,2023-11-11,3
O1820,U0575,E0031,2023-01-11,2
O1821,U0513,G0093,2023-07-15,1
O1822,U0911,G0067,2023-06-23,4
O1823,U0742,G0080,2023-03-04,1
O1824,U0192,F0029,2023-03-11,3
O1825,U0864,M0074,2023-10-29,3
O1826,U0628,E0037,2023-09-21,3
O1827,U0555,G0035,2023-09-06,1
O1828,U0063,E0110,2023-04-22,4
O1829,U0449,M0067,2023-02-05,4
O1830,U0738,G0120,2023-03-26,1
O1831,U0108,E0124,2023-03-31,4
O1832,U0298,G0033,2023-01-22,3
O1833,U0482,F0086,2023-01-30,2
O1834,U0678,E0066,2023-11-26,3
O1835,U0558,F0102,2023-07-16,1
O1836,U0031,F0122,2023-06-02,4
O1837,U0516,E0011,2023-05-25,2
O1838,U0224,M0065,2023-05-01,4
O1839,U0379,F0020,2023-03-25,3
O1840,U0768,M0095,2023-05-01,3
O1841,U0939,F0050,2023-05-08,4
O1842,U0246,G0030,2023-10-28,2
O1843,U0303,F0123,2023-01-13,4
O1844,U0792,F0121,2023-03-11,2
O1845,U0251,G0058,2023-07-08,1
O1846,U0144,F0037,2023-02-01,1
O1847,U0787,F0091,2023-11-08,4
O1848,U0852,M0016,2023-10-06,1
O1849,U0402,G0059,2023-01-30,2
O1850,U0096,E0052,2023-03-08,1
O1851,U0376,G0106,2023-10-08,3
O1852,U0496,F0027,2023-12-19,3
O1853,U0764,M0014,2023-07-28,4
O1854,U0123,G0090,2023-06-21,4
O1855,U0332,G0072,2023-06-10,1
O1856,U0227,F0030,2023-11-17,2
O1857,U0750,F0100,2023-12-07,4
O1858,U0986,M0072,2023-07-11,1
O1859,U0546,E0075,2023-09-30,1
O1860,U0805,E0054,2023-05-11,4
O1861,U0337,F0074,2023-09-20,2
O1862,U0984,F0079,2023-09-23,1
O1863,U0519,F0018,2023-06-21,2
O1864,U0875,G0073,2023-10-02,4
O1865,U0883,F0120,2023-06-07,2
O1866,U0136,M0033,2023-05-29,3
O1867,U0931,G0029,2023-10-31,2
O1868,U0376,F0051,2023-04-18,3
O1869,U0655,G0029,2023-02-17,3
O1870,U0179,F0001,2023-10-17,2
O1871,U0635,G0115,2023-03-28,1
O1872,U0698,G0061,2023-08-10,2
O1873,U0265,G0098,2023-02-18,2
O1874,U0290,E0080,2023-11-07,4
O1875,U0861,F0009,2023-08-05,1
O1876,U0674,M0040,2023-01-07,1
O1877,U0420,M0067,2023-11-21,4
O1878,U0057,E0087,2023-06-08,2
O1879,U0922,F0117,2023-11-28,4
O1880,U0316,F0018,2023-05-06,4
O1881,U0064,G0057,2023-07-06,1
O1882,U0689,G0100,2023-04-14,1
O1883,U0310,M0091,2023-10-31,1
O1884,U0282,E0052,2023-04-20,3
O1885,U0336,E0053,2023-09-03,1
O1886,U0206,F0104,2023-12-18,3
O1887,U0724,E0030,2023-12-13,1
O1888,U0441,M0125,2023-02-02,4
O1889,U0124,F0022,2023-08-01,4
O1890,U0283,E0038,2023-04-18,4
O1891,U0144,E0015,2023-02-22,2
O1892,U0370,E0089,2023-04-24,2
O1893,U0400,F0019,2023-01-25,4
O1894,U0118,E0076,2023-05-25,4
O1895,U0637,F0044,2023-11-21,4
O1896,U0442,F0066,2023-09-10,3
O1897,U0047,G0002,2023-10-03,3
O1898,U0843,F0036,2023-03-02,4
O1899,U0310,G0110,2023-09-16,1
O1900,U0641,F0102,2023-07-07,4
O1901,U0603,F0018,2023-01-15,4
O1902,U0345,M0115,2023-08-28,3
O1903,U0241,F0068,2023-11-16,3
O1904,U0701,G0060,2023-06-05,2
O1905,U0567,E0079,2023-07-12,3
O1906,U0909,G0020,2023-06-17,1
O1907,U0920,E0109,2023-09-01,1
O1908,U0400,G0117,2023-03-18,3
O1909,U0949,G0011,2023-07-26,2
O1910,U0032,E0075,2023-01-01,3
O1911,U0949,G0005,2023-06-22,2
O1912,U0765,F0003,2023-10-21,4
O1913,U0976,G0074,2023-01-16,3
O1914,U0588,F0089,2023-07-22,2
O1915,U0513,G0007,2023-03-07,4
O1916,U0573,F0109,2023-12-08,3
O1917,U0413,M0105,2023-06-10,2
O1918,U0625,M0059,2023-02-06,3
O1919,U0319,M0077,2023-01-27,4
O1920,U0688,E0084,2023-01-30,4
O1921,U0143,G0063,2023-05-15,2
O1922,U0588,G0019,2023-12-18,3
O1923,U0625,F0061,2023-02-12,4
O1924,U0902,G0088,2023-09-16,1
O1925,U0730,F0080,2023-11-15,3
O1926,U0555,G0064,2023-07-09,2
O1927,U0630,F0038,2023-10-29,3
O1928,U0626,E0048,2023-12-19,4
O1929,U0527,G0085,2023-06-15,2
O1930,U0297,M0007,2023-03-14,3
O1931,U0034,E0089,2023-06-20,4
O1932,U0141,M0083,2023-12-04,1
O1933,U0413,M0121,2023-09-22,3
O1934,U0439,F0108,2023-04-26,4
O1935,U0501,F0007,2023-11-25,1
O1936,U0708,E0050,2023-07-28,3
O1937,U0861,E0019,2023-01-24,2
O1938,U0333,E0108,2023-06-10,1
O1939,U0073,M0032,2023-02-22,2
O1940,U0031,M0076,2023-09-19,3
O1941,U0156,F0099,2023-02-04,2
O1942,U0131,G0004,2023-07-21,1
O1943,U0705,G0093,2023-08-11,4
O1944,U0348,M0020,2023-09-14,2
O1945,U0769,F0037,2023-11-03,3
O1946,U0292,M0061,2023-10-19,2
O1947,U0081,G0117,2023-12-07,2
O1948,U0851,G0043,2023-07-31,2
O1949,U0063,G0019,2023-09-20,2
O1950,U0457,M0029,2023-11-26,4
O1951,U0145,E0051,2023-10-29,3
O1952,U0165,G0071,2023-03-16,2
O1953,U0695,E0017,2023-08-13,3
O1954,U0405,G0052,2023-04-09,4
O1955,U0551,F0119,2023-03-24,1
O1956,U0037,E0017,2023-01-22,4
O1957,U0122,E0095,2023-03-07,4
O1958,U0830,M0011,2023-02-07,3
O1959,U0077,M0048,2023-06-05,2
O1960,U0201,M0041,2023-03-08,1
O1961,U0425,G0021,2023-05-20,2
O1962,U0437,G0059,2023-05-11,1
O1963,U0908,M0042,2023-11-16,1
O1964,U0385,F0075,2023-11-25,4
O1965,U0384,E0063,2023-08-20,1
O1966,U0769,E0070,2023-04-21,3
O1967,U0504,G0082,2023-01-08,1
O1968,U0129,G0109,2023-02-16,2
O1969,U0229,G0045,2023-01-10,2
O1970,U0925,F0064,2023-05-11,2
O1971,U0541,E0071,2023-06-13,1
O1972,U0182,G0068,2023-09-03,1
O1973,U0841,G0097,2023-10-21,2
O1974,U0967,G0026,2023-12-25,4
O1975,U0890,M0083,2023-02-17,1
O1976,U0312,M0117,2023-03-18,4
O1977,U0325,G0116,2023-02-24,3
O1978,U0764,G0024,2023-03-26,2
O1979,U0413,G0038,2023-11-10,1
O1980,U0713,E0084,2023-10-02,1
O1981,U0021,G0044,2023-02-02,3
O1982,U0458,E0118,2023-05-31,1
O1983,U0895,G0079,2023-05-14,1
O1984,U0351,F0081,2023-03-18,4
O1985,U0337,E0006,2023-06-14,3
O1986,U0620,M0031,2023-02-14,2
O1987,U0450,F0067,2023-08-25,1
O1988,U0682,M0073,2023-09-02,4
O1989,U0734,E0036,2023-12-09,1
O1990,U0428,G0048,2023-03-04,4
O1991,U0882,F0095,2023-04-23,3
O1992,U0005,F0107,2023-01-03,3
O1993,U0502,E0005,2023-03-14,2
O1994,U0371,M0012,2023-06-24,2
O1995,U0335,M0095,2023-02-07,2
O1996,U0390,F0084,2023-12-04,1
O1997,U0803,E0084,2023-01-17,3
O1998,U0246,G0024,2023-11-12,1
O1999,U0477,F0084,2023-02-10,4
O2000,U0656,G0097,2023-04-25,4
O2001,U0289,F0084,2023-12-15,3
O2002,U0550,G0078,2023-11-30,2
O2003,U0197,G0006,2023-01-17,2
O2004,U0641,G0081,2023-03-15,3
O2005,U0317,M0081,2023-01-14,4
O2006,U0527,G0057,2023-01-04,1
O2007,U0763,M0102,2023-01-06,1
O2008,U0334,E0079,2023-08-20,3
O2009,U0548,G0020,2023-03-06,1
O2010,U0405,F0110,2023-06-07,4
O2011,U0532,M0077,2023-10-05,2
O2012,U0245,M0021,2023-08-03,3
O2013,U0283,M0087,2023-07-28,1
O2014,U0986,E0011,2023-08-15,3
O2015,U0630,F0045,2023-03-06,1
O2016,U0686,M0047,2023-10-30,2
O2017,U0982,M0111,2023-03-27,2
O2018,U0940,G0059,2023-04-05,4
O2019,U0636,G0005,2023-09-05,2
O2020,U0046,G0054,2023-03-16,4
O2021,U0482,M0028,2023-02-20,2
O2022,U0774,M0007,2023-02-05,4
O2023,U0655,M0121,2023-08-24,4
O2024,U0808,M0046,2023-09-19,1
O2025,U0103,E0032,2023-04-20,3
O2026,U0162,F0074,2023-07-21,2
O2027,U0745,E0001,2023-03-08,4
O2028,U0826,M0059,2023-09-30,3
O2029,U0522,E0111,2023-05-27,4
O2030,U0297,G0054,2023-12-13,4
O2031,U0275,M0059,2023-12-20,3
O2032,U0736,F0022,2023-02-10,4
O2033,U0883,E0044,2023-05-16,2
O2034,U0066,F0102,2023-10-29,2
O2035,U0079,F0124,2023-03-20,1
O2036,U0048,E0106,2023-03-23,1
O2037,U0516,F0050,2023-01-02,2
O2038,U0559,G0044,2023-08-12,4
O2039,U0725,E0047,2023-04-04,3
O2040,U0421,G0044,2023-03-23,2
O2041,U0907,G0099,2023-02-21,3
O2042,U0903,E0050,2023-12-19,3
O2043,U0756,M0118,2023-01-01,3
O2044,U0150,E0079,2023-01-19,3
O2045,U0562,E0121,2023-01-24,1
O2046,U0652,M0103,2023-06-10,3
O2047,U0071,M0015,2023-06-09,3
O2048,U0827,F0124,2023-06-18,4
O2049,U0641,G0045,2023-05-19,1
O2050,U0096,E0050,2023-02-26,2
O2051,U0575,G0053,2023-01-31,4
O2052,U0681,F0113,2023-10-15,2
O2053,U0601,G0116,2023-08-10,3
O2054,U0407,G0062,2023-05-07,1
O2055,U0690,G0095,2023-12-19,1
O2056,U0494,E0056,2023-11-15,4
O2057,U0826,F0110,2023-09-18,1
O2058,U0905,F0115,2023-12-02,1
O2059,U0994,E0017,2023-07-17,1
O2060,U0525,M0075,2023-02-08,2
O2061,U0075,F0023,2023-09-19,2
O2062,U0483,M0102,2023-02-18,4
O2063,U0764,M0041,2023-01-28,4
O2064,U0437,M0077,2023-11-24,1
O2065,U0826,G0047,2023-11-01,1
O2066,U0730,E0030,2023-07-18,4
O2067,U0806,E0014,2023-08-27,4
O2068,U0297,M0101,2023-09-27,2
O2069,U0032,E0110,2023-07-28,3
O2070,U0759,M0084,2023-11-11,2
O2071,U0705,E0090,2023-09-09,3
O2072,U0502,E0087,2023-03-10,3
O2073,U0751,G0019,2023-03-10,4
O2074,U0008,M0051,2023-07-23,4
O2075,U0763,M0027,2023-11-28,2
O2076,U0671,F0024,2023-10-26,2
O2077,U0500,G0099,2023-02-18,2
O2078,U0464,F0005,2023-12-15,1
O2079,U0653,F0079,2023-08-09,4
O2080,U0210,E0002,2023-01-10,1
O2081,U0677,F0067,2023-08-03,2
O2082,U0420,E0021,2023-10-07,4
O2083,U0298,E0058,2023-01-21,4
O2084,U0503,G0016,2023-08-05,3
O2085,U0605,G0100,2023-08-20,4
O2086,U0163,E0017,2023-08-17,2
O2087,U0644,E0044,2023-10-06,1
O2088,U0140,E0073,2023-01-16,1
O2089,U0654,M0094,2023-09-14,3
O2090,U0519,G0029,2023-04-29,4
O2091,U0457,E0104,2023-02-05,3
O2092,U0279,F0059,2023-04-18,1
O2093,U0798,F0053,2023-11-11,4
O2094,U0447,E0082,2023-04-07,3
O2095,U0040,G0045,2023-08-26,3
O2096,U0761,G0055,2023-12-08,3
O2097,U0298,F0044,2023-10-09,2
O2098,U0680,M0103,2023-09-20,4
O2099,U0899,E0012,2023-03-28,1
O2100,U0573,G0023,2023-03-02,1
O2101,U0060,F0051,2023-02-10,3
O2102,U0843,E0115,2023-10-24,3
O2103,U0459,F0022,2023-07-26,2
O2104,U0834,G0060,2023-03-21,2
O2105,U0196,M0079,2023-11-19,4
O2106,U0615,M0035,2023-03-07,3
O2107,U0698,F0101,2023-09-10,1
O2108,U0423,M0069,2023-11-08,4
O2109,U0807,F0100,2023-08-14,2
O2110,U0373,M0079,2023-11-02,1
O2111,U0227,G0087,2023-02-22,2
O2112,U0973,F0034,2023-07-23,4
O2113,U0216,F0019,2023-09-15,2
O2114,U0631,E0114,2023-06-15,1
O2115,U0594,M0001,2023-10-07,3
O2116,U0620,E0069,2023-06-30,3
O2117,U0663,F0092,2023-03-19,3
O2118,U0588,M0075,2023-02-19,1
O2119,U0460,M0021,2023-11-13,3
O2120,U0901,M0051,2023-09-08,1
O2121,U0403,F0050,2023-06-21,3
O2122,U0074,E0114,2023-06-24,2
O2123,U0717,G0057,2023-07-15,1
O2124,U0454,M0107,2023-08-07,4
O2125,U0562,F0060,2023-03-26,1
O2126,U0165,F0007,2023-06-22,3
O2127,U0822,G0015,2023-06-22,3
O2128,U0768,F0023,2023-10-15,2
O2129,U0234,F0117,2023-10-20,1
O2130,U0812,G0004,2023-05-21,4
O2131,U0013,E0036,2023-11-24,4
O2132,U0269,E0022,2023-07-08,4
O2133,U0018,G0017,2023-06-19,3
O2134,U0665,F0106,2023-01-11,3
O2135,U0573,E0007,2023-10-17,2
O2136,U0974,M0125,2023-11-17,3
O2137,U0638,M0073,2023-11-04,2
O2138,U0462,E0050,2023-05-23,2
O2139,U0432,G0079,2023-08-29,4
O2140,U0679,M0054,2023-10-15,3
O2141,U0442,E0055,2023-11-27,1
O2142,U0782,E0074,2023-06-03,1
O2143,U0118,G0022,2023-08-28,1
O2144,U0511,M0060,2023-08-12,4
O2145,U0802,G0089,2023-08-31,4
O2146,U0131,G0024,2023-01-14,4
O2147,U0936,M0040,2023-09-26,3
O2148,U0457,M0058,2023-06-08,1
O2149,U0294,M0104,2023-03-23,1
O2150,U0070,M0006,2023-02-17,4
O2151,U0251,M0022,2023-02-02,4
O2152,U0413,G0113,2023-01-03,2
O2153,U0029,G0072,2023-11-03,1
O2154,U0773,M0111,2023-01-27,3
O2155,U0766,M0016,2023-04-04,4
O2156,U0395,F0084,2023-05-18,1
O2157,U0954,G0067,2023-09-03,1
O2158,U0672,G0102,2023-09-22,4
O2159,U0121,E0059,2023-10-19,2
O2160,U0843,F0065,2023-05-30,1
O2161,U0726,F0038,2023-10-20,2
O2162,U0478,M0054,2023-12-29,4
O2163,U0943,G0015,2023-08-16,3
O2164,U0874,E0041,2023-08-11,1
O2165,U0488,M0016,2023-08-19,1
O2166,U0792,F0046,2023-02-11,2
O2167,U0811,G0024,2023-04-06,1
O2168,U0346,E0063,2023-03-18,3
O2169,U0863,M0040,2023-11-16,4
O2170,U0786,F0082,2023-11-09,3
O2171,U0787,E0046,2023-12-17,2
O2172,U0942,M0120,2023-03-30,1
O2173,U0489,G0016,2023-08-27,4
O2174,U0248,F0015,2023-06-16,4
O2175,U0489,F0074,2023-05-30,4
O2176,U0710,F0012,2023-01-29,2
O2177,U0702,G0123,2023-06-11,4
O2178,U0511,E0002,2023-12-23,4
O2179,U0344,F0009,2023-07-17,4
O2180,U0068,E0006,2023-09-02,2
O2181,U0106,E0116,2023-03-12,3
O2182,U0160,F0077,2023-03-09,2
O2183,U0702,M0011,2023-01-22,3
O2184,U0068,M0026,2023-10-27,3
O2185,U0665,E0025,2023-09-09,1
O2186,U0342,F0087,2023-08-16,1
O2187,U0944,G0061,2023-10-28,4
O2188,U0385,F0086,2023-08-08,3
O2189,U0523,E0069,2023-01-16,3
O2190,U0086,M0015,2023-03-15,2
O2191,U0693,M0007,2023-02-12,2
O2192,U0336,E0033,2023-08-07,3
O2193,U0380,M0108,2023-10-30,2
O2194,U0600,M0046,2023-07-26,3
O2195,U0147,G0021,2023-09-03,1
O2196,U0507,G0047,2023-10-12,1
O2197,U0595,E0102,2023-07-23,1
O2198,U0635,E0055,2023-03-10,4
O2199,U0161,G0057,2023-01-31,3
O2200,U0468,M0057,2023-06-27,1
O2201,U0893,G0052,2023-07-22,4
O2202,U0238,E0016,2023-04-15,3
O2203,U0893,G0028,2023-01-15,4
O2204,U0736,M0007,2023-07-16,3
O2205,U0855,F0068,2023-10-16,2
O2206,U0584,E0087,2023-12-16,4
O2207,U0640,G0110,2023-12-01,3
O2208,U0144,F0034,2023-12-19,4
O2209,U0446,E0019,2023-11-21,1
O2210,U0832,F0039,2023-11-04,2
O2211,U0192,G0024,2023-08-14,4
O2212,U0512,E0091,2023-06-14,1
O2213,U0383,E0113,2023-08-12,4
O2214,U0231,M0051,2023-01-12,4
O2215,U0081,E0117,2023-05-25,3
O2216,U0490,M0037,2023-03-12,1
O2217,U0804,E0029,2023-10-12,2
O2218,U0109,F0010,2023-12-29,1
O2219,U0325,E0096,2023-09-03,2
O2220,U0557,M0019,2023-05-31,3
O2221,U0480,M0083,2023-08-06,2
O2222,U0202,G0059,2023-10-03,3
O2223,U0469,G0059,2023-01-21,1
O2224,U0266,F0075,2023-02-20,3
O2225,U0859,M0122,2023-03-24,2
O2226,U0419,F0100,2023-09-19,1
O2227,U0713,F0068,2023-04-27,2
O2228,U0980,E0070,2023-12-19,1
O2229,U0265,M0034,2023-01-27,3
O2230,U0926,M0052,2023-11-10,1
O2231,U0745,G0106,2023-01-17,1
O2232,U0403,G0118,2023-07-03,2
O2233,U0143,M0068,2023-08-04,1
O2234,U0064,M0011,2023-02-23,3
O2235,U0758,E0040,2023-02-14,2
O2236,U0569,E0020,2023-06-13,1
O2237,U0464,E0024,2023-07-14,4
O2238,U0174,M0082,2023-07-26,4
O2239,U0033,F0068,2023-08-12,3
O2240,U0670,F0039,2023-04-20,4
O2241,U0364,F0094,2023-06-21,2
O2242,U0462,F0120,2023-11-02,4
O2243,U0636,F0070,2023-05-31,4
O2244,U0410,F0113,2023-04-28,1
O2245,U0366,F0021,2023-03-08,4
O2246,U0555,F0061,2023-10-01,3
O2247,U0730,E0039,2023-09-28,3
O2248,U0386,M0030,2023-06-28,4
O2249,U0728,E0063,2023-09-02,1
O2250,U0545,M0105,2023-10-01,4
O2251,U0701,G0099,2023-09-08,3
O2252,U0741,E0063,2023-09-16,3
O2253,U0379,E0122,2023-12-24,3
O2254,U0813,M0037,2023-12-13,1
O2255,U0610,E0071,2023-04-30,1
O2256,U0883,F0002,2023-04-25,3
O2257,U0364,G0052,2023-04-26,4
O2258,U0186,M0033,2023-10-26,1
O2259,U0022,E0036,2023-01-27,1
O2260,U0745,G0066,2023-12-12,4
O2261,U0878,M0010,2023-10-14,1
O2262,U0977,E0012,2023-03-17,1
O2263,U0433,F0087,2023-12-02,4
O2264,U0896,G0012,2023-08-05,3
O2265,U0020,G0111,2023-09-30,2
O2266,U0763,M0046,2023-01-09,3
O2267,U0295,G0056,2023-11-14,3
O2268,U0751,M0088,2023-11-07,4
O2269,U0492,E0028,2023-08-08,3
O2270,U0325,E0064,2023-06-27,1
O2271,U0931,E0029,2023-07-26,4
O2272,U0263,G0102,2023-10-20,3
O2273,U0907,F0061,2023-07-21,4
O2274,U0259,G0004,2023-11-08,2
O2275,U0397,E0047,2023-07-19,2
O2276,U0800,F0084,2023-03-17,1
O2277,U0429,G0088,2023-01-10,1
O2278,U0551,E0102,2023-08-07,4
O2279,U0657,M0086,2023-04-17,2
O2280,U0426,F0094,2023-08-09,3
O2281,U0328,G0018,2023-11-30,1
O2282,U0295,G0011,2023-01-23,4
O2283,U0544,M0112,2023-05-27,4
O2284,U0567,M0062,2023-12-13,4
O2285,U0697,F0039,2023-03-30,2
O2286,U0759,G0002,2023-06-05,2
O2287,U0676,E0047,2023-12-08,4
O2288,U0719,G0086,2023-08-08,1
O2289,U0301,E0061,2023-04-12,4
O2290,U0690,F0048,2023-12-27,3
O2291,U0206,F0087,2023-05-04,1
O2292,U0419,G0035,2023-08-16,2
O2293,U0833,G0043,2023-01-21,4
O2294,U0582,F0081,2023-09-08,3
O2295,U0740,G0034,2023-06-26,2
O2296,U0271,E0046,2023-04-12,1
O2297,U0459,E0040,2023-01-16,4
O2298,U0874,G0010,2023-10-29,2
O2299,U0759,G0044,2023-04-04,3
O2300,U0681,M0082,2023-04-21,1
O2301,U0851,G0057,2023-01-22,1
O2302,U0265,G0088,2023-08-08,1
O2303,U0114,M0119,2023-03-06,1
O2304,U0506,G0080,2023-05-11,1
O2305,U0530,F0105,2023-07-30,4
O2306,U0143,F0010,2023-09-08,4
O2307,U0933,E0125,2023-09-28,2
O2308,U0949,E0037,2023-07-13,1
O2309,U0208,G0034,2023-06-29,4
O2310,U0446,M0046,2023-01-14,3
O2311,U0166,G0007,2023-04-09,1
O2312,U0968,G0050,2023-02-03,3
O2313,U0852,G0070,2023-03-18,2
O2314,U0955,E0075,2023-12-25,4
O2315,U0501,E0084,2023-04-26,4
O2316,U0815,M0083,2023-09-07,2
O2317,U0633,M0111,2023-04-22,3
O2318,U0993,E0001,2023-06-25,4
O2319,U0641,E0112,2023-02-01,1
O2320,U0382,M0021,2023-10-13,1
O2321,U0836,F0110,2023-02-10,1
O2322,U0185,M0074,2023-10-31,2
O2323,U0722,G0062,2023-07-11,1
O2324,U0702,M0107,2023-05-26,3
O2325,U0410,M0079,2023-07-29,3
O2326,U0366,F0123,2023-03-05,2
O2327,U0373,E0011,2023-05-09,4
O2328,U0621,M0074,2023-05-17,3
O2329,U0982,F0098,2023-12-21,4
O2330,U0095,F0019,2023-02-02,4
O2331,U0055,E0048,2023-09-22,4
O2332,U0262,E0033,2023-03-17,3
O2333,U0764,M0026,2023-03-30,2
O2334,U0621,M0058,2023-05-08,2
O2335,U0698,E0071,2023-03-08,2
O2336,U0270,F0002,2023-03-24,4
O2337,U0244,F0032,2023-03-01,3
O2338,U0196,F0110,2023-10-31,2
O2339,U0127,F0076,2023-10-19,4
O2340,U0155,G0093,2023-05-26,3
O2341,U0768,M0034,2023-01-28,4
O2342,U0614,G0059,2023-08-29,4
O2343,U0292,E0096,2023-08-16,1
O2344,U0880,F0087,2023-01-02,2
O2345,U0811,F0090,2023-11-24,4
O2346,U0473,M0042,2023-05-27,2
O2347,U0233,F0071,2023-11-30,4
O2348,U0078,M0068,2023-05-11,2
O2349,U0399,F0023,2023-11-06,2
O2350,U0628,E0123,2023-08-08,2
O2351,U0223,E0104,2023-07-24,3
O2352,U0634,G0040,2023-06-22,1
O2353,U0547,E0093,2023-12-27,1
O2354,U0110,M0028,2023-01-24,1
O2355,U0638,E0099,2023-03-09,2
O2356,U0631,G0038,2023-07-26,1
O2357,U0358,E0110,2023-06-19,1
O2358,U0976,M0008,2023-02-04,3
O2359,U0132,M0029,2023-03-18,1
O2360,U0554,G0007,2023-12-15,2
O2361,U0424,G0033,2023-10-07,1
O2362,U0966,G0065,2023-09-26,4
O2363,U0815,G0122,2023-04-10,2
O2364,U0450,E0123,2023-04-09,3
O2365,U0558,G0098,2023-12-21,2
O2366,U0564,F0046,2023-02-16,1
O2367,U0834,E0046,2023-05-26,3
O2368,U0776,G0054,2023-10-06,4
O2369,U0439,G0102,2023-09-11,4
O2370,U0826,M0054,2023-06-11,2
O2371,U0383,E0073,2023-08-13,2
O2372,U0383,G0110,2023-04-17,1
O2373,U0559,F0083,2023-05-21,1
O2374,U0768,G0053,2023-06-04,3
O2375,U0594,E0109,2023-09-07,1
O2376,U0679,M0125,2023-10-31,1
O2377,U0396,E0090,2023-11-20,4
O2378,U0577,F0075,2023-08-11,2
O2379,U0263,F0010,2023-08-07,2
O2380,U0938,M0025,2023-02-21,3
O2381,U0894,F0101,2023-04-22,2
O2382,U0460,F0007,2023-01-07,3
O2383,U0548,F0081,2023-09-02,4
O2384,U0922,F0032,2023-07-05,3
O2385,U0750,G0049,2023-05-26,2
O2386,U0416,E0049,2023-05-21,3
O2387,U0333,G0054,2023-02-26,2
O2388,U0784,G0055,2023-11-06,1
O2389,U0788,E0074,2023-07-02,1
O2390,U0030,F0061,2023-02-07,2
O2391,U0351,F0065,2023-08-29,4
O2392,U0782,M0017,2023-01-05,1
O2393,U0884,M0085,2023-06-26,3
O2394,U0827,G0026,2023-05-22,3
O2395,U0496,E0049,2023-11-25,2
O2396,U0294,F0058,2023-06-21,1
O2397,U0723,E0065,2023-09-29,4
O2398,U0150,F0077,2023-05-11,3
O2399,U0197,M0092,2023-04-23,4
O2400,U0109,M0063,2023-09-14,3
O2401,U0826,F0058,2023-12-25,3
O2402,U0715,G0071,2023-06-07,3
O2403,U0373,G0007,2023-09-26,4
O2404,U0397,M0004,2023-03-30,1
O2405,U0029,E0103,2023-09-25,2
O2406,U0683,G0045,2023-06-11,3
O2407,U0458,F0069,2023-01-06,2
O2408,U0520,F0098,2023-09-29,4
O2409,U0054,M0109,2023-01-10,2
O2410,U0501,E0051,2023-07-20,4
O2411,U0271,E0074,2023-08-13,4
O2412,U0803,G0020,2023-02-11,4
O2413,U0768,E0113,2023-12-20,2
O2414,U0637,F0006,2023-01-09,3
O2415,U0112,F0100,2023-06-17,4
O2416,U0775,F0104,2023-08-16,2
O2417,U0388,G0002,2023-06-26,1
O2418,U0464,F0113,2023-10-29,2
O2419,U0692,F0078,2023-12-26,1
O2420,U0761,M0074,2023-05-05,4
O2421,U0392,E0032,2023-12-13,3
O2422,U0262,E0006,2023-08-03,4
O2423,U0496,F0032,2023-03-23,2
O2424,U0545,G0104,2023-01-15,4
O2425,U0632,F0050,2023-09-22,4
O2426,U0068,G0073,2023-11-03,4
O2427,U0150,G0079,2023-01-31,2
O2428,U0062,M0051,2023-10-26,1
O2429,U0857,E0119,2023-10-29,2
O2430,U0911,M0091,2023-08-04,4
O2431,U0983,E0124,2023-03-29,3
O2432,U0613,M0052,2023-10-06,3
O2433,U0387,E0043,2023-05-04,1
O2434,U0530,E0078,2023-05-01,2
O2435,U0479,G0086,2023-05-28,2
O2436,U0922,G0007,2023-05-16,4
O2437,U0265,E0004,2023-03-20,3
O2438,U0466,F0028,2023-08-30,3
O2439,U0494,G0089,2023-08-06,2
O2440,U0320,F0106,2023-11-07,3
O2441,U0416,E0097,2023-02-11,1
O2442,U0342,G0096,2023-06-02,4
O2443,U0874,M0085,2023-04-23,1
O2444,U0755,E0080,2023-11-06,2
O2445,U0488,F0037,2023-08-09,3
O2446,U0211,F0029,2023-08-01,1
O2447,U0078,M0031,2023-08-01,4
O2448,U0736,M0021,2023-03-06,2
O2449,U0909,E0100,2023-08-31,2
O2450,U0770,E0036,2023-02-14,2
O2451,U0585,M0053,2023-02-11,1
O2452,U0643,G0058,2023-08-06,1
O2453,U0633,F0060,2023-10-25,3
O2454,U0959,E0084,2023-09-08,1
O2455,U0062,E0043,2023-12-26,2
O2456,U0982,G0034,2023-10-28,3
O2457,U0320,E0066,2023-07-12,1
O2458,U0314,M0012,2023-03-18,4
O2459,U0755,F0089,2023-10-24,2
O2460,U0339,F0062,2023-04-08,3
O2461,U0153,E0094,2023-10-24,1
O2462,U0006,F0043,2023-12-26,3
O2463,U0859,F0055,2023-12-20,4
O2464,U0713,M0124,2023-12-22,2
O2465,U0645,M0019,2023-03-07,1
O2466,U0571,M0117,2023-11-05,4
O2467,U0902,M0105,2023-09-28,1
O2468,U0510,G0062,2023-09-18,3
O2469,U0061,E0058,2023-12-23,1
O2470,U0355,E0043,2023-01-02,4
O2471,U0383,M0031,2023-11-29,4
O2472,U0924,E0025,2023-06-25,1
O2473,U0488,F0070,2023-02-05,2
O2474,U0595,G0057,2023-10-01,1
O2475,U0855,G0118,2023-01-15,1
O2476,U0606,G0032,2023-07-13,2
O2477,U0911,G0085,2023-11-01,4
O2478,U0194,F0122,2023-03-05,2
O2479,U0220,G0115,2023-09-08,4
O2480,U0692,F0027,2023-05-21,4
O2481,U0292,G0088,2023-11-16,1
O2482,U0295,F0100,2023-12-17,3
O2483,U0470,G0115,2023-06-10,4
O2484,U0263,M0107,2023-02-19,4
O2485,U0875,E0118,2023-01-12,3
O2486,U0657,M0059,2023-01-28,4
O2487,U0873,F0099,2023-11-17,2
O2488,U0062,E0124,2023-12-03,3
O2489,U0706,E0031,2023-06-28,1
O2490,U0593,E0057,2023-10-09,2
O2491,U0789,F0063,2023-04-07,1
O2492,U0206,M0050,2023-10-20,2
O2493,U0167,G0101,2023-09-08,3
O2494,U0216,G0093,2023-06-18,3
O2495,U0327,E0080,2023-09-26,4
O2496,U0724,M0122,2023-11-20,3
O2497,U0486,F0049,2023-09-23,1
O2498,U0158,G0048,2023-08-06,3
O2499,U0971,G0065,2023-08-20,1
O2500,U0646,E0098,2023-05-16,1
O2501,U0990,F0059,2023-04-20,1
O2502,U0058,G0067,2023-07-09,1
O2503,U0454,F0009,2023-07-29,2
O2504,U0867,F0044,2023-02-01,4
O2505,U0506,G0064,2023-12-07,2
O2506,U0901,E0112,2023-08-22,2
O2507,U0630,M0023,2023-02-01,3
O2508,U0020,E0079,2023-06-09,1
O2509,U0819,F0122,2023-04-13,2
O2510,U0443,E0033,2023-05-28,1
O2511,U0280,G0024,2023-08-31,3
O2512,U0557,E0082,2023-12-21,3
O2513,U0901,G0027,2023-04-21,4
O2514,U0011,M0047,2023-08-14,4
O2515,U0173,M0087,2023-06-11,4
O2516,U0115,E0048,2023-07-24,3
O2517,U0781,F0083,2023-07-21,4
O2518,U0723,E0045,2023-06-02,4
O2519,U0735,F0068,2023-11-18,3
O2520,U0837,M0054,2023-04-05,4
O2521,U0649,F0049,2023-11-22,2
O2522,U0044,M0053,2023-11-17,4
O2523,U0996,M0064,2023-03-04,2
O2524,U0268,E0032,2023-07-11,3
O2525,U0897,G0069,2023-08-17,2
O2526,U0722,F0069,2023-09-02,3
O2527,U0263,G0080,2023-03-30,1
O2528,U0816,M0039,2023-03-23,4
O2529,U0605,M0031,2023-07-14,2
O2530,U0121,E0036,2023-12-27,4
O2531,U0216,G0091,2023-07-13,2
O2532,U0614,F0078,2023-09-11,3
O2533,U0720,M0115,2023-02-13,2
O2534,U0026,F0055,2023-04-01,1
O2535,U0825,G0002,2023-04-08,4
O2536,U0349,F0069,2023-01-26,4
O2537,U0894,G0002,2023-03-21,3
O2538,U0983,M0008,2023-06-25,2
O2539,U0983,E0079,2023-04-10,3
O2540,U0947,M0044,2023-01-19,4
O2541,U0889,E0054,2023-01-25,4
O2542,U0739,E0108,2023-02-11,1
O2543,U0937,F0026,2023-04-17,3
O2544,U0863,F0120,2023-08-19,2
O2545,U0331,E0121,2023-05-14,2
O2546,U0476,F0037,2023-09-14,1
O2547,U0633,F0119,2023-06-29,1
O2548,U0713,M0125,2023-01-19,2
O2549,U0296,G0048,2023-02-25,1
O2550,U0741,F0123,2023-08-13,3
O2551,U0190,M0080,2023-06-09,4
O2552,U0783,M0083,2023-07-21,4
O2553,U0568,E0072,2023-12-08,1
O2554,U0244,E0048,2023-04-29,3
O2555,U0306,E0070,2023-07-03,4
O2556,U0437,E0088,2023-03-16,4
O2557,U0548,G0039,2023-06-28,3
O2558,U0528,G0047,2023-03-16,4
O2559,U0907,M0020,2023-05-03,4
O2560,U0846,F0020,2023-11-19,2
O2561,U0508,G0115,2023-06-29,4
O2562,U0410,E0109,2023-12-04,2
O2563,U0648,E0093,2023-11-17,4
O2564,U0194,F0069,2023-06-18,4
O2565,U0995,M0045,2023-10-21,4
O2566,U0555,M0048,2023-10-13,3
O2567,U0569,M0106,2023-06-18,4
O2568,U0758,F0068,2023-11-27,3
O2569,U0083,F0045,2023-09-08,2
O2570,U0572,E0002,2023-05-09,4
O2571,U0262,E0069,2023-04-12,1
O2572,U0465,M0015,2023-05-23,1
O2573,U0193,F0110,2023-10-18,1
O2574,U0292,E0052,2023-07-03,1
O2575,U0549,E0096,2023-09-25,4
O2576,U0169,M0123,2023-10-16,4
O2577,U0664,E0015,2023-01-21,4
O2578,U0372,M0002,2023-08-21,1
O2579,U0077,G0021,2023-04-10,2
O2580,U0558,E0117,2023-11-14,2
O2581,U0396,E0004,2023-02-09,4
O2582,U0899,F0103,2023-05-16,2
O2583,U0177,G0089,2023-07-01,1
O2584,U0573,M0077,2023-07-15,4
O2585,U0333,F0019,2023-01-16,2
O2586,U0581,G0116,2023-04-03,1
O2587,U0772,F0114,2023-12-01,2
O2588,U0542,M0059,2023-08-23,4
O2589,U0720,G0003,2023-01-02,4
O2590,U0902,F0055,2023-02-18,2
O2591,U0311,E0034,2023-02-17,4
O2592,U0790,M0032,2023-06-25,1
O2593,U0652,F0047,2023-01-29,4
O2594,U0442,M0013,2023-10-31,3
O2595,U0190,F0050,2023-01-07,1
O2596,U0459,E0120,2023-11-20,2
O2597,U0835,G0098,2023-07-06,4
O2598,U0316,M0110,2023-11-25,1
O2599,U0341,G0037,2023-07-18,3
O2600,U0513,G0125,2023-06-21,2
O2601,U0368,E0102,2023-07-05,4
O2602,U0440,F0085,2023-11-27,1
O2603,U0934,F0100,2023-05-27,3
O2604,U0180,G0018,2023-02-19,3
O2605,U0930,M0083,2023-03-29,1
O2606,U0069,M0054,2023-06-03,3
O2607,U0512,M0073,2023-04-23,2
O2608,U0159,G0125,2023-04-16,2
O2609,U0255,E0015,2023-09-18,3
O2610,U0874,M0065,2023-05-23,4
O2611,U0469,M0060,2023-08-13,3
O2612,U0365,G0110,2023-05-31,4
O2613,U0379,F0085,2023-09-12,3
O2614,U0569,F0120,2023-03-14,3
O2615,U0406,M0019,2023-09-29,3
O2616,U0837,E0124,2023-06-07,1
O2617,U0342,M0041,2023-02-28,2
O2618,U0466,E0105,2023-09-08,3
O2619,U0288,G0010,2023-12-13,2
O2620,U0913,F0086,2023-06-26,4
O2621,U0165,E0116,2023-10-28,2
O2622,U0576,E0009,2023-08-01,2
O2623,U0315,E0073,2023-06-14,4
O2624,U0879,E0072,2023-05-01,4
O2625,U0825,E0071,2023-10-29,3
O2626,U0106,F0026,2023-06-19,1
O2627,U0250,M0030,2023-07-22,3
O2628,U0303,M0019,2023-07-13,3
O2629,U0618,G0032,2023-11-13,3
O2630,U0279,M0099,2023-07-18,4
O2631,U0175,G0098,2023-06-15,4
O2632,U0283,F0022,2023-08-04,4
O2633,U0066,M0091,2023-04-08,4
O2634,U1000,G0117,2023-08-18,1
O2635,U0030,G0045,2023-02-11,3
O2636,U0125,G0031,2023-11-03,4
O2637,U0791,M0026,2023-05-05,1
O2638,U0055,E0113,2023-08-14,1
O2639,U0231,M0025,2023-12-28,2
O2640,U0702,F0062,2023-08-20,4
O2641,U0275,F0033,2023-05-15,1
O2642,U0345,M0088,2023-01-04,2
O2643,U0495,G0089,2023-05-20,1
O2644,U0920,E0043,2023-07-24,1
O2645,U0814,F0091,2023-07-31,3
O2646,U0861,F0100,2023-10-18,3
O2647,U0156,M0040,2023-07-01,2
O2648,U0371,M0082,2023-04-13,1
O2649,U0324,E0016,2023-03-30,1
O2650,U0952,G0031,2023-12-07,3
O2651,U0839,G0016,2023-08-11,4
O2652,U0308,F0005,2023-11-18,3
O2653,U0755,M0059,2023-09-26,2
O2654,U0847,E0067,2023-05-22,2
O2655,U0295,F0100,2023-12-23,1
O2656,U0924,F0010,2023-09-12,3
O2657,U0858,M0049,2023-09-07,3
O2658,U0901,M0033,2023-02-22,4
O2659,U0299,M0053,2023-03-08,2
O2660,U0606,E0007,2023-12-16,1
O2661,U0266,F0105,2023-07-05,4
O2662,U0429,M0120,2023-08-25,2
O2663,U0541,G0119,2023-01-09,4
O2664,U0021,E0052,2023-12-14,1
O2665,U0380,F0032,2023-07-06,2
O2666,U0831,M0115,2023-12-22,2
O2667,U0482,F0041,2023-06-18,1
O2668,U0712,E0039,2023-10-25,3
O2669,U0867,G0097,2023-03-29,1
O2670,U0681,M0022,2023-08-15,3
O2671,U0516,M0103,2023-03-12,4
O2672,U0812,F0086,2023-04-22,4
O2673,U0968,G0079,2023-11-23,1
O2674,U0899,M0107,2023-05-01,1
O2675,U0332,E0055,2023-12-19,4
O2676,U0532,E0094,2023-02-03,2
O2677,U0661,M0067,2023-10-02,3
O2678,U0828,E0095,2023-04-30,3
O2679,U0844,F0007,2023-08-09,1
O2680,U0718,M0122,2023-05-08,3
O2681,U0474,M0085,2023-04-14,3
O2682,U0137,G0112,2023-09-03,2
O2683,U0920,E0120,2023-11-05,4
O2684,U0001,F0004,2023-11-10,3
O2685,U0823,M0072,2023-08-31,4
O2686,U0339,M0073,2023-01-08,1
O2687,U0920,E0050,2023-04-22,4
O2688,U0183,E0078,2023-09-22,2
O2689,U0142,F0111,2023-09-27,2
O2690,U0828,E0089,2023-12-13,1
O2691,U0646,E0107,2023-12-20,4
O2692,U0277,E0029,2023-08-03,3
O2693,U0755,F0070,2023-07-11,2
O2694,U0283,M0009,2023-07-06,2
O2695,U0144,F0104,2023-08-09,4
O2696,U0154,M0078,2023-09-15,1
O2697,U0850,G0073,2023-09-15,3
O2698,U0042,E0017,2023-04-01,2
O2699,U0114,E0036,2023-09-13,4
O2700,U0370,E0059,2023-03-10,2
O2701,U0937,F0098,2023-05-06,1
O2702,U0142,G0037,2023-04-22,3
O2703,U0500,M0055,2023-05-19,2
O2704,U0092,F0008,2023-05-18,2
O2705,U0658,G0038,2023-10-31,3
O2706,U0197,M0036,2023-10-11,3
O2707,U0557,G0007,2023-05-02,3
O2708,U0182,G0004,2023-11-18,2
O2709,U0749,F0057,2023-02-09,3
O2710,U0553,G0058,2023-04-10,4
O2711,U0735,E0098,2023-02-28,1
O2712,U0941,F0013,2023-09-26,2
O2713,U0812,F0051,2023-03-19,1
O2714,U0385,E0086,2023-02-19,3
O2715,U0249,E0089,2023-03-21,3
O2716,U0870,F0024,2023-06-04,4
O2717,U0358,G0038,2023-05-07,1
O2718,U0277,M0049,2023-02-10,3
O2719,U0990,F0069,2023-03-26,1
O2720,U0029,E0100,2023-10-06,3
O2721,U0024,M0079,2023-06-02,2
O2722,U0406,F0021,2023-01-12,4
O2723,U0300,M0030,2023-11-03,2
O2724,U0740,F0062,2023-03-10,2
O2725,U0146,M0007,2023-08-02,2
O2726,U0976,F0115,2023-05-26,1
O2727,U0926,M0110,2023-08-22,2
O2728,U0246,F0067,2023-03-02,3
O2729,U0390,M0096,2023-11-26,3
O2730,U0144,G0108,2023-10-31,4
O2731,U0653,E0117,2023-03-24,3
O2732,U0712,G0024,2023-07-25,1
O2733,U0254,E0098,2023-09-16,1
O2734,U0398,E0078,2023-04-10,1
O2735,U0255,G0020,2023-07-11,4
O2736,U0908,E0095,2023-09-21,4
O2737,U0553,M0115,2023-09-07,3
O2738,U0130,M0067,2023-02-19,3
O2739,U0876,E0044,2023-04-07,2
O2740,U0504,M0125,2023-03-18,1
O2741,U0776,G0027,2023-04-21,2
O2742,U0509,E0088,2023-10-24,2
O2743,U0526,G0125,2023-01-11,3
O2744,U0443,M0016,2023-01-26,2
O2745,U0787,M0082,2023-04-12,1
O2746,U0084,M0116,2023-07-30,3
O2747,U0378,G0021,2023-10-06,2
O2748,U0357,M0078,2023-06-10,2
O2749,U0597,F0063,2023-12-05,2
O2750,U0551,G0118,2023-02-26,4
O2751,U0512,G0115,2023-07-20,4
O2752,U0549,E0010,2023-04-16,2
O2753,U0063,G0099,2023-06-02,2
O2754,U0021,G0087,2023-03-14,2
O2755,U0337,M0017,2023-02-07,4
O2756,U0352,G0022,2023-05-16,1
O2757,U0878,G0099,2023-02-02,3
O2758,U0187,G0018,2023-08-26,3
O2759,U0079,F0084,2023-01-17,4
O2760,U0371,E0117,2023-04-28,2
O2761,U0543,G0028,2023-05-05,3
O2762,U0414,G0094,2023-06-22,3
O2763,U0325,G0056,2023-07-22,1
O2764,U0295,E0050,2023-12-18,4
O2765,U0801,E0031,2023-05-10,3
O2766,U0097,G0036,2023-11-02,1
O2767,U0630,E0067,2023-05-17,3
O2768,U0821,G0010,2023-03-25,2
O2769,U0381,F0079,2023-07-30,2
O2770,U0397,E0066,2023-06-21,4
O2771,U0492,F0104,2023-03-18,4
O2772,U0267,M0043,2023-04-02,4
O2773,U0056,F0077,2023-02-19,3
O2774,U0246,G0067,2023-02-15,3
O2775,U0858,E0013,2023-11-16,4
O2776,U0977,M0076,2023-03-19,1
O2777,U0838,M0056,2023-07-15,4
O2778,U0260,G0044,2023-09-18,2
O2779,U0936,E0051,2023-06-20,3
O2780,U0181,G0027,2023-10-26,4
O2781,U0779,E0107,2023-10-07,2
O2782,U0109,F0075,2023-05-30,3
O2783,U0711,M0107,2023-07-08,3
O2784,U0721,E0002,2023-11-18,1
O2785,U0877,E0073,2023-04-22,3
O2786,U0284,F0058,2023-04-10,3
O2787,U0957,G0067,2023-08-06,1
O2788,U0820,M0026,2023-08-25,4
O2789,U0949,M0092,2023-10-05,1
O2790,U0138,F0111,2023-11-24,2
O2791,U0570,E0099,2023-12-16,2
O2792,U0224,F0090,2023-03-21,2
O2793,U0673,M0040,2023-08-16,3
O2794,U0768,M0030,2023-10-09,1
O2795,U0281,G0107,2023-10-21,2
O2796,U0476,E0007,2023-05-23,2
O2797,U0374,G0057,2023-10-14,3
O2798,U0799,M0040,2023-02-27,1
O2799,U0143,F0030,2023-09-23,3
O2800,U0729,F0113,2023-09-28,3
O2801,U0237,E0001,2023-11-15,3
O2802,U0412,M0027,2023-07-03,1
O2803,U0445,M0069,2023-05-25,2
O2804,U0734,M0005,2023-11-17,3
O2805,U0886,E0051,2023-10-20,4
O2806,U0590,M0100,2023-02-25,3
O2807,U0816,E0107,2023-02-24,2
O2808,U0164,G0111,2023-08-24,2
O2809,U0346,E0052,2023-03-18,1
O2810,U0996,E0113,2023-09-20,1
O2811,U0717,E0046,2023-01-04,3
O2812,U0833,E0061,2023-10-13,2
O2813,U0996,F0083,2023-01-07,4
O2814,U0957,G0036,2023-10-03,1
O2815,U0400,M0117,2023-08-19,1
O2816,U0057,F0117,2023-02-05,3
O2817,U0420,M0072,2023-10-26,3
O2818,U0816,F0064,2023-12-22,2
O2819,U0498,M0038,2023-10-28,4
O2820,U0347,E0119,2023-09-11,2
O2821,U0439,E0102,2023-11-30,4
O2822,U0071,E0053,2023-06-28,1
O2823,U0943,G0096,2023-11-07,2
O2824,U0581,E0026,2023-12-24,1
O2825,U0625,M0086,2023-04-21,3
O2826,U0240,G0033,2023-01-03,3
O2827,U0269,G0004,2023-11-27,1
O2828,U0460,F0077,2023-03-02,4
O2829,U0077,M0088,2023-02-24,3
O2830,U0645,G0023,2023-02-08,1
O2831,U0735,G0020,2023-02-03,2
O2832,U0070,E0118,2023-08-18,4
O2833,U0867,G0059,2023-10-14,3
O2834,U0108,F0037,2023-07-01,3
O2835,U0428,M0051,2023-09-23,3
O2836,U0708,F0010,2023-06-16,3
O2837,U0852,E0112,2023-07-23,4
O2838,U0515,G0003,2023-11-25,3
O2839,U0814,G0053,2023-07-15,2
O2840,U0389,F0055,2023-03-03,3
O2841,U0188,G0100,2023-09-07,3
O2842,U0421,F0086,2023-07-23,3
O2843,U0246,G0067,2023-11-28,4
O2844,U0557,G0003,2023-11-18,4
O2845,U0951,G0053,2023-12-09,4
O2846,U0089,M0012,2023-02-18,4
O2847,U0072,G0044,2023-09-08,3
O2848,U0005,M0024,2023-03-18,3
O2849,U0775,G0119,2023-06-03,1
O2850,U0761,M0055,2023-09-25,3
O2851,U0001,G0066,2023-09-01,3
O2852,U0943,M0068,2023-03-05,3
O2853,U0506,F0070,2023-10-24,1
O2854,U0756,G0092,2023-01-01,1
O2855,U0316,G0012,2023-03-29,3
O2856,U0224,F0077,2023-05-21,3
O2857,U0087,F0082,2023-04-09,3
O2858,U0631,E0080,2023-06-16,3
O2859,U0951,G0050,2023-08-12,3
O2860,U0585,M0107,2023-03-06,1
O2861,U0725,F0012,2023-02-19,2
O2862,U0883,E0042,2023-04-25,2
O2863,U0375,F0125,2023-01-18,4
O2864,U0423,F0058,2023-09-26,1
O2865,U0734,E0086,2023-10-26,4
O2866,U0545,M0046,2023-08-13,3
O2867,U0428,E0092,2023-03-14,4
O2868,U0693,M0095,2023-09-24,2
O2869,U0227,F0055,2023-04-10,4
O2870,U0048,E0004,2023-09-26,1
O2871,U0072,F0014,2023-06-30,2
O2872,U0789,G0069,2023-08-10,2
O2873,U0435,M0053,2023-06-01,2
O2874,U0928,F0050,2023-12-13,2
O2875,U0054,E0027,2023-05-01,1
O2876,U0986,F0015,2023-01-06,2
O2877,U0460,G0026,2023-04-26,2
O2878,U0685,G0116,2023-07-26,2
O2879,U0269,M0035,2023-10-31,3
O2880,U0989,G0055,2023-08-16,4
O2881,U0686,E0046,2023-10-17,4
O2882,U0838,E0110,2023-05-24,3
O2883,U0011,G0069,2023-06-24,2
O2884,U0538,M0051,2023-09-05,1
O2885,U0957,F0033,2023-11-02,4
O2886,U0136,F0036,2023-05-03,2
O2887,U0294,G0111,2023-04-22,4
O2888,U0545,M0062,2023-04-25,4
O2889,U0660,G0002,2023-05-04,1
O2890,U0443,G0061,2023-04-06,3
O2891,U0416,G0025,2023-04-13,2
O2892,U0462,F0091,2023-03-07,3
O2893,U0518,F0027,2023-02-06,1
O2894,U0033,E0074,2023-06-17,3
O2895,U0768,F0058,2023-10-25,4
O2896,U0797,M0018,2023-01-11,1
O2897,U0628,F0107,2023-10-24,3
O2898,U0823,F0020,2023-11-03,4
O2899,U0369,M0066,2023-09-09,3
O2900,U0068,F0088,2023-04-18,4
O2901,U0364,F0076,2023-02-21,4
O2902,U0198,E0053,2023-07-08,4
O2903,U0042,G0011,2023-09-15,2
O2904,U0667,M0012,2023-11-27,1
O2905,U0141,F0020,2023-03-30,3
O2906,U0020,G0033,2023-12-02,3
O2907,U0326,F0054,2023-10-06,1
O2908,U0391,G0047,2023-04-22,1
O2909,U0201,M0057,2023-08-17,2
O2910,U0771,E0117,2023-03-30,2
O2911,U0346,M0113,2023-12-28,2
O2912,U0822,G0044,2023-03-02,4
O2913,U0721,F0024,2023-06-15,4
O2914,U0144,E0098,2023-08-20,4
O2915,U0381,E0050,2023-07-23,3
O2916,U0926,F0061,2023-10-13,1
O2917,U0501,F0016,2023-06-25,3
O2918,U0496,G0045,2023-06-02,4
O2919,U0287,M0099,2023-06-19,1
O2920,U0631,F0124,2023-11-19,4
O2921,U0994,E0033,2023-07-03,3
O2922,U0862,M0082,2023-02-01,1
O2923,U0609,M0084,2023-07-17,3
O2924,U0997,F0108,2023-03-26,4
O2925,U0043,G0018,2023-03-23,1
O2926,U0651,E0006,2023-04-08,1
O2927,U0217,F0006,2023-05-05,2
O2928,U0084,F0114,2023-02-16,1
O2929,U0581,E0082,2023-01-22,2
O2930,U0393,M0007,2023-08-22,4
O2931,U0981,M0020,2023-02-27,3
O2932,U0787,M0029,2023-11-02,2
O2933,U0182,G0022,2023-05-23,4
O2934,U0574,F0036,2023-08-12,2
O2935,U0584,E0037,2023-01-23,3
O2936,U0706,G0005,2023-10-24,1
O2937,U0745,E0065,2023-04-20,1
O2938,U0364,F0066,2023-10-29,4
O2939,U0500,G0115,2023-12-20,3
O2940,U0571,F0025,2023-11-21,1
O2941,U0653,M0110,2023-06-07,4
O2942,U0881,E0028,2023-05-24,4
O2943,U0011,F0056,2023-10-14,1
O2944,U0766,F0050,2023-10-08,1
O2945,U0006,M0106,2023-11-14,3
O2946,U0769,F0055,2023-05-19,3
O2947,U0456,F0004,2023-02-10,2
O2948,U0756,E0037,2023-07-13,4
O2949,U0571,M0097,2023-11-27,3
O2950,U0414,E0057,2023-05-30,2
O2951,U0790,G0003,2023-09-24,4
O2952,U0990,M0018,2023-06-30,1
O2953,U0250,F0095,2023-03-08,1
O2954,U0741,E0032,2023-09-24,3
O2955,U0841,F0036,2023-09-30,4
O2956,U0265,M0063,2023-04-07,3
O2957,U0817,M0090,2023-05-17,1
O2958,U0595,F0052,2023-10-13,1
O2959,U0964,E0092,2023-10-30,2
O2960,U0086,G0122,2023-09-11,4
O2961,U0849,M0039,2023-10-17,4
O2962,U0403,F0029,2023-02-15,3
O2963,U0427,E0004,2023-03-08,4
O2964,U0001,F0100,2023-04-19,1
O2965,U0301,G0016,2023-05-18,2
O2966,U0030,G0071,2023-09-19,4
O2967,U0417,G0054,2023-08-01,4
O2968,U0835,E0038,2023-04-21,2
O2969,U0242,E0047,2023-08-10,4
O2970,U0141,M0123,2023-03-12,1
O2971,U0397,M0050,2023-07-07,4
O2972,U0297,F0104,2023-08-27,4
O2973,U0171,M0055,2023-05-07,4
O2974,U0315,F0067,2023-10-01,1
O2975,U0089,F0083,2023-08-30,1
O2976,U0823,F0029,2023-01-17,3
O2977,U0148,F0121,2023-11-09,1
O2978,U0768,E0058,2023-05-12,3
O2979,U0922,E0033,2023-04-02,3
O2980,U0402,G0105,2023-01-08,4
O2981,U0973,G0059,2023-11-17,1
O2982,U0950,M0019,2023-12-26,3
O2983,U0149,F0011,2023-07-27,1
O2984,U0945,M0117,2023-10-14,4
O2985,U0511,E0116,2023-10-06,2
O2986,U0442,M0080,2023-01-07,4
O2987,U0246,E0033,2023-04-16,2
O2988,U0746,F0108,2023-03-01,4
O2989,U0326,E0046,2023-05-20,1
O2990,U0896,M0124,2023-07-09,1
O2991,U0106,G0028,2023-01-31,1
O2992,U0049,M0069,2023-11-13,2
O2993,U0956,E0086,2023-07-09,1
O2994,U0887,F0020,2023-06-26,1
O2995,U0532,E0002,2023-12-14,3
O2996,U0143,G0052,2023-05-21,1
O2997,U0899,M0031,2023-09-26,3
O2998,U0922,G0005,2023-12-14,2
O2999,U0775,E0004,2023-09-02,2
O3000,U0465,F0100,2023-06-28,4
O3001,U0143,G0065,2023-07-19,1
O3002,U0279,F0102,2023-12-12,1
O3003,U0391,M0098,2023-06-08,1
O3004,U0276,G0039,2023-07-20,2
O3005,U0674,G0100,2023-10-23,1
O3006,U0874,G0125,2023-09-29,3
O3007,U0989,G0124,2023-01-15,4
O3008,U0795,G0116,2023-05-17,1
O3009,U0491,M0023,2023-01-20,1
O3010,U0298,E0001,2023-12-02,4
O3011,U0515,E0007,2023-01-31,2
O3012,U0522,E0001,2023-01-28,4
O3013,U0556,F0042,2023-08-27,2
O3014,U0304,E0083,2023-11-10,3
O3015,U0800,E0107,2023-10-22,3
O3016,U0654,E0049,2023-09-07,2
O3017,U0512,G0107,2023-12-10,2
O3018,U0091,F0061,2023-07-18,3
O3019,U0794,F0059,2023-11-12,4
O3020,U0273,G0055,2023-06-28,2
O3021,U0523,G0011,2023-11-23,4
O3022,U0584,G0018,2023-03-13,2
O3023,U0806,F0047,2023-03-12,3
O3024,U0204,M0112,2023-08-12,4
O3025,U0507,G0104,2023-03-15,3
O3026,U0091,F0065,2023-04-12,2
O3027,U0723,M0106,2023-03-03,4
O3028,U0839,E0049,2023-10-27,3
O3029,U0298,G0011,2023-04-17,1
O3030,U0201,E0021,2023-07-21,2
O3031,U0202,E0028,2023-12-03,4
O3032,U0746,G0036,2023-09-04,1
O3033,U0807,F0054,2023-02-17,4
O3034,U0846,G0095,2023-09-29,1
O3035,U0218,E0091,2023-06-29,2
O3036,U0440,E0001,2023-01-23,2
O3037,U0638,F0090,2023-09-02,2
O3038,U0786,F0080,2023-10-12,1
O3039,U0978,G0079,2023-10-22,3
O3040,U0086,F0053,2023-04-29,2
O3041,U0184,G0115,2023-12-04,1
O3042,U0521,F0110,2023-05-18,2
O3043,U0083,M0023,2023-05-03,4
O3044,U0923,F0080,2023-05-06,3
O3045,U0536,E0033,2023-02-20,1
O3046,U0784,E0005,2023-03-22,4
O3047,U0283,F0027,2023-11-22,4
O3048,U0550,E0097,2023-12-23,3
O3049,U0222,E0080,2023-05-25,1
O3050,U0079,E0050,2023-08-07,4
O3051,U0187,E0092,2023-03-24,3
O3052,U0091,G0125,2023-04-05,1
O3053,U0068,E0003,2023-04-13,1
O3054,U0471,M0032,2023-11-15,3
O3055,U0529,E0101,2023-08-05,2
O3056,U0331,E0034,2023-01-02,3
O3057,U0692,M0122,2023-03-18,2
O3058,U0597,E0111,2023-06-14,1
O3059,U0697,M0109,2023-02-04,2
O3060,U0568,F0076,2023-05-18,1
O3061,U0469,E0061,2023-02-28,1
O3062,U0222,M0020,2023-03-04,4
O3063,U0864,F0006,2023-06-20,3
O3064,U0200,G0111,2023-05-15,4
O3065,U0352,F0070,2023-03-28,3
O3066,U0760,M0100,2023-05-14,3
O3067,U0637,M0122,2023-05-26,4
O3068,U0900,F0067,2023-09-20,1
O3069,U0964,M0085,2023-01-16,4
O3070,U0414,M0115,2023-09-27,3
O3071,U0649,G0044,2023-06-11,4
O3072,U0749,E0054,2023-06-16,4
O3073,U0020,G0067,2023-09-29,2
O3074,U0587,M0073,2023-11-20,4
O3075,U0760,F0041,2023-05-20,4
O3076,U0545,M0002,2023-02-18,4
O3077,U0722,F0011,2023-06-03,4
O3078,U0251,E0102,2023-05-30,4
O3079,U0386,M0100,2023-06-26,2
O3080,U0336,E0113,2023-04-29,3
O3081,U0511,F0029,2023-03-16,3
O3082,U0130,G0023,2023-01-03,4
O3083,U0183,M0028,2023-02-21,3
O3084,U0924,G0018,2023-08-13,2
O3085,U0010,G0029,2023-07-14,3
O3086,U0973,E0124,2023-02-17,3
O3087,U0760,G0117,2023-11-16,2
O3088,U0990,E0055,2023-01-22,3
O3089,U0802,E0106,2023-05-25,1
O3090,U0390,M0074,2023-10-24,4
O3091,U0315,M0092,2023-06-12,4
O3092,U0187,M0017,2023-06-25,1
O3093,U0686,G0010,2023-08-15,4
O3094,U0304,G0045,2023-11-01,3
O3095,U0103,F0055,2023-02-24,4
O3096,U0477,G0102,2023-10-09,1
O3097,U0676,E0079,2023-10-23,3
O3098,U0192,E0104,2023-01-20,3
O3099,U0678,M0123,2023-04-30,1
O3100,U0074,G0004,2023-06-02,1
O3101,U0263,E0112,2023-10-09,3
O3102,U0146,M0066,2023-06-09,4
O3103,U0402,E0037,2023-05-07,4
O3104,U0517,G0125,2023-01-13,4
O3105,U0593,G0100,2023-12-18,3
O3106,U0615,M0071,2023-07-21,2
O3107,U0348,E0013,2023-04-03,4
O3108,U0240,M0123,2023-11-12,4
O3109,U0314,F0120,2023-04-10,1
O3110,U0207,E0094,2023-07-11,2
O3111,U0704,M0053,2023-07-15,2
O3112,U0784,G0101,2023-12-06,2
O3113,U0901,G0069,2023-11-23,2
O3114,U0530,E0123,2023-05-23,1
O3115,U0206,F0098,2023-11-16,4
O3116,U0211,G0079,2023-07-24,4
O3117,U0824,E0032,2023-08-27,4
O3118,U0939,F0096,2023-03-19,4
O3119,U0186,G0006,2023-07-21,2
O3120,U0399,M0095,2023-03-16,2
O3121,U0442,G0087,2023-05-22,2
O3122,U0214,E0050,2023-07-14,2
O3123,U0776,G0017,2023-12-22,1
O3124,U0266,M0073,2023-01-04,3
O3125,U0885,M0026,2023-03-05,1
O3126,U0070,E0081,2023-05-24,2
O3127,U0694,M0044,2023-10-16,1
O3128,U0131,E0082,2023-03-10,2
O3129,U0107,F0090,2023-09-06,4
O3130,U0569,G0102,2023-11-15,4
O3131,U0395,E0122,2023-01-24,3
O3132,U0630,E0038,2023-03-24,2
O3133,U0678,E0030,2023-03-19,2
O3134,U0931,E0119,2023-09-28,3
O3135,U0655,G0067,2023-06-18,1
O3136,U0639,M0050,2023-08-03,3
O3137,U0152,G0066,2023-05-02,1
O3138,U0567,M0106,2023-08-19,3
O3139,U0828,G0024,2023-03-05,2
O3140,U0914,G0093,2023-08-24,1
O3141,U0009,E0078,2023-06-02,3
O3142,U0807,G0121,2023-03-27,1
O3143,U0459,G0124,2023-06-07,3
O3144,U0638,F0067,2023-03-17,1
O3145,U0955,E0049,2023-08-17,4
O3146,U0047,M0097,2023-05-11,4
O3147,U0355,M0010,2023-04-07,2
O3148,U0001,E0088,2023-09-02,3
O3149,U0195,M0032,2023-07-23,2
O3150,U0373,E0109,2023-10-07,3
O3151,U0614,M0111,2023-01-16,1
O3152,U0238,F0047,2023-11-14,3
O3153,U0396,F0111,2023-03-08,3
O3154,U0143,G0079,2023-02-02,3
O3155,U0523,E0107,2023-07-17,4
O3156,U0774,F0060,2023-04-30,1
O3157,U0697,M0004,2023-03-16,1
O3158,U0352,G0066,2023-02-10,2
O3159,U0374,F0104,2023-04-08,2
O3160,U0288,E0018,2023-07-12,3
O3161,U0709,E0041,2023-07-15,4
O3162,U0007,F0016,2023-11-21,1
O3163,U0974,F0092,2023-12-21,3
O3164,U0130,E0011,2023-04-13,1
O3165,U0748,G0014,2023-06-10,1
O3166,U0321,E0074,2023-09-15,3
O3167,U0150,M0093,2023-11-13,3
O3168,U0737,F0088,2023-08-05,3
O3169,U0947,M0037,2023-02-24,4
O3170,U0502,G0003,2023-01-21,3
O3171,U0965,G0001,2023-12-22,4
O3172,U0045,G0005,2023-03-08,3
O3173,U0808,E0093,2023-09-14,2
O3174,U0001,G0115,2023-04-25,3
O3175,U0812,E0057,2023-04-02,2
O3176,U0569,G0091,2023-06-22,1
O3177,U0983,F0065,2023-07-15,4
O3178,U0396,E0113,2023-08-12,4
O3179,U0564,E0101,2023-05-18,2
O3180,U0241,G0103,2023-02-03,4
O3181,U0435,M0081,2023-08-21,1
O3182,U0364,M0064,2023-10-08,2
O3183,U0685,G0036,2023-12-16,4
O3184,U0333,M0047,2023-11-20,4
O3185,U0639,M0078,2023-01-18,4
O3186,U0611,F0009,2023-04-28,2
O3187,U0232,F0091,2023-05-13,4
O3188,U0132,F0035,2023-12-08,3
O3189,U0834,M0029,2023-02-04,2
O3190,U0994,M0052,2023-10-12,2
O3191,U0213,M0073,2023-04-23,2
O3192,U0430,E0078,2023-07-28,3
O3193,U0582,M0082,2023-03-27,1
O3194,U0377,G0017,2023-04-03,1
O3195,U0642,M0032,2023-09-22,2
O3196,U0822,M0113,2023-01-10,2
O3197,U0135,M0030,2023-02-27,2
O3198,U0829,E0089,2023-06-29,2
O3199,U0360,G0064,2023-04-13,1
O3200,U0814,G0091,2023-07-02,1
O3201,U0769,M0082,2023-08-14,4
O3202,U0066,G0069,2023-03-18,2
O3203,U0863,F0034,2023-08-12,3
O3204,U0331,G0007,2023-09-15,2
O3205,U0806,E0027,2023-08-27,1
O3206,U0563,G0097,2023-10-31,3
O3207,U0262,F0056,2023-01-17,1
O3208,U0008,E0088,2023-05-26,2
O3209,U0111,M0065,2023-06-19,1
O3210,U0509,E0102,2023-10-24,3
O3211,U0773,G0031,2023-09-30,1
O3212,U0715,M0115,2023-06-08,2
O3213,U0086,F0107,2023-03-18,4
O3214,U0367,F0122,2023-12-21,1
O3215,U0268,G0035,2023-11-20,3
O3216,U0371,E0065,2023-06-15,3
O3217,U0315,G0070,2023-11-20,4
O3218,U0363,G0124,2023-05-08,3
O3219,U0418,E0036,2023-07-05,4
O3220,U0210,E0103,2023-08-27,3
O3221,U0534,M0119,2023-03-29,1
O3222,U0964,M0094,2023-10-02,3
O3223,U0633,F0031,2023-03-07,4
O3224,U0960,M0064,2023-05-05,2
O3225,U0405,G0031,2023-10-04,2
O3226,U0078,F0107,2023-09-24,2
O3227,U0754,F0106,2023-11-09,1
O3228,U0784,M0016,2023-10-28,4
O3229,U0758,E0006,2023-07-01,4
O3230,U0967,G0064,2023-06-08,1
O3231,U0292,G0070,2023-12-27,1
O3232,U0759,F0036,2023-07-14,1
O3233,U0679,F0073,2023-08-29,1
O3234,U0440,G0037,2023-05-22,4
O3235,U0646,E0051,2023-01-31,3
O3236,U0177,F0117,2023-10-03,1
O3237,U0366,G0011,2023-07-20,3
O3238,U0342,G0069,2023-03-31,4
O3239,U0090,M0022,2023-12-06,4
O3240,U0390,F0120,2023-01-16,1
O3241,U0955,F0113,2023-10-18,3
O3242,U0715,M0079,2023-08-20,4
O3243,U0006,M0012,2023-02-11,1
O3244,U0835,M0108,2023-01-16,1
O3245,U0035,M0038,2023-09-19,3
O3246,U0986,M0059,2023-09-27,3
O3247,U0041,F0118,2023-05-01,2
O3248,U0838,F0077,2023-04-17,3
O3249,U0118,M0081,2023-12-21,2
O3250,U0883,F0001,2023-03-18,1
O3251,U0399,G0123,2023-06-23,2
O3252,U0237,M0024,2023-05-23,3
O3253,U0286,F0025,2023-10-09,3
O3254,U0576,M0062,2023-01-05,2
O3255,U0394,G0018,2023-12-02,3
O3256,U0030,G0087,2023-09-27,2
O3257,U0783,M0095,2023-10-02,2
O3258,U0281,E0104,2023-08-02,3
O3259,U0089,M0002,2023-04-08,1
O3260,U0439,F0044,2023-09-30,4
O3261,U0714,F0050,2023-08-16,3
O3262,U0983,E0095,2023-05-29,2
O3263,U0106,E0038,2023-04-17,3
O3264,U0264,F0064,2023-07-05,2
O3265,U0293,G0112,2023-11-14,4
O3266,U0055,E0069,2023-11-25,4
O3267,U0851,F0110,2023-10-05,2
O3268,U0337,M0084,2023-07-21,3
O3269,U0502,G0081,2023-10-12,4
O3270,U0454,F0033,2023-04-21,3
O3271,U0995,G0087,2023-12-22,1
O3272,U0537,M0090,2023-08-28,2
O3273,U0804,E0116,2023-07-27,1
O3274,U0830,E0052,2023-04-21,2
O3275,U0581,G0021,2023-05-12,1
O3276,U0397,G0066,2023-11-30,4
O3277,U0731,E0065,2023-01-07,1
O3278,U0026,G0016,2023-04-23,4
O3279,U0148,M0103,2023-01-18,1
O3280,U0085,M0094,2023-04-12,1
O3281,U0451,F0049,2023-07-10,2
O3282,U0630,G0008,2023-12-09,1
O3283,U0005,G0061,2023-07-13,2
O3284,U0770,M0078,2023-08-04,3
O3285,U0911,E0027,2023-07-02,4
O3286,U0027,G0001,2023-05-22,1
O3287,U0064,G0053,2023-07-19,2
O3288,U0629,M0086,2023-03-07,3
O3289,U0129,E0060,2023-02-07,2
O3290,U0963,G0054,2023-12-18,2
O3291,U0217,G0026,2023-04-07,4
O3292,U0416,G0121,2023-03-15,1
O3293,U0584,M0065,2023-09-09,3
O3294,U0534,G0096,2023-09-12,2
O3295,U0935,E0086,2023-09-16,2
O3296,U0988,F0087,2023-11-22,1
O3297,U0837,M0120,2023-04-14,1
O3298,U0491,M0091,2023-08-20,4
O3299,U0564,E0045,2023-07-26,4
O3300,U0999,G0065,2023-11-19,4
O3301,U0155,M0015,2023-10-11,4
O3302,U0646,G0072,2023-07-22,2
O3303,U0253,G0083,2023-04-01,1
O3304,U0562,M0055,2023-12-26,4
O3305,U0318,G0059,2023-02-02,1
O3306,U0460,F0114,2023-02-22,4
O3307,U0134,F0051,2023-06-24,4
O3308,U0859,G0085,2023-03-15,4
O3309,U0114,M0052,2023-06-04,3
O3310,U0893,F0064,2023-09-15,3
O3311,U0115,M0107,2023-08-19,3
O3312,U0677,G0066,2023-07-05,3
O3313,U0092,F0117,2023-05-08,2
O3314,U0019,E0032,2023-05-15,1
O3315,U0134,G0102,2023-03-20,2
O3316,U0743,F0096,2023-12-05,3
O3317,U0036,F0094,2023-02-05,2
O3318,U0929,E0087,2023-02-19,4
O3319,U0095,E0025,2023-07-30,1
O3320,U0882,F0006,2023-10-22,4
O3321,U0150,M0117,2023-03-17,4
O3322,U0483,E0115,2023-10-31,2
O3323,U0881,E0084,2023-08-18,3
O3324,U0222,F0025,2023-10-04,1
O3325,U0477,G0039,2023-05-24,3
O3326,U0457,G0055,2023-03-21,1
O3327,U0922,E0046,2023-06-23,2
O3328,U0498,F0082,2023-06-15,4
O3329,U0369,E0035,2023-06-18,2
O3330,U0927,F0027,2023-12-15,3
O3331,U0220,F0011,2023-07-13,3
O3332,U0786,F0056,2023-09-23,4
O3333,U0094,G0118,2023-12-19,2
O3334,U0960,F0058,2023-10-01,1
O3335,U0231,G0002,2023-02-11,1
O3336,U0524,G0042,2023-07-12,4
O3337,U0166,E0031,2023-01-23,1
O3338,U0541,G0049,2023-05-24,2
O3339,U0573,G0045,2023-07-12,1
O3340,U0250,G0041,2023-06-29,1
O3341,U0857,E0044,2023-02-07,4
O3342,U0573,E0011,2023-08-14,3
O3343,U0206,G0110,2023-12-14,4
O3344,U0887,G0049,2023-01-12,2
O3345,U0845,E0019,2023-02-26,2
O3346,U0066,M0063,2023-05-17,4
O3347,U0759,G0045,2023-11-15,4
O3348,U0502,F0116,2023-09-26,1
O3349,U0315,G0097,2023-02-21,4
O3350,U0379,E0019,2023-09-21,3
O3351,U0912,F0106,2023-09-12,1
O3352,U0883,M0017,2023-11-15,3
O3353,U0037,M0002,2023-03-08,2
O3354,U0399,G0065,2023-04-03,4
O3355,U0946,M0123,2023-02-18,3
O3356,U0379,E0021,2023-11-25,2
O3357,U0717,G0087,2023-08-27,1
O3358,U0179,E0076,2023-04-23,2
O3359,U0441,F0096,2023-07-21,1
O3360,U0284,G0081,2023-02-19,3
O3361,U0686,F0031,2023-07-07,4
O3362,U0215,E0113,2023-12-04,2
O3363,U0660,F0039,2023-08-16,1
O3364,U0273,E0058,2023-03-04,3
O3365,U0862,G0046,2023-03-27,2
O3366,U0032,G0053,2023-12-30,4
O3367,U0815,M0079,2023-02-06,3
O3368,U0765,M0114,2023-10-19,1
O3369,U0380,E0070,2023-04-30,2
O3370,U0472,M0112,2023-06-17,1
O3371,U0410,M0112,2023-07-31,4
O3372,U0055,F0088,2023-06-06,1
O3373,U0696,F0035,2023-07-10,2
O3374,U0154,G0118,2023-11-22,3
O3375,U0265,F0067,2023-07-21,1
O3376,U0634,M0123,2023-02-12,1
O3377,U0692,G0078,2023-10-12,3
O3378,U0261,M0023,2023-07-07,2
O3379,U0316,E0070,2023-06-23,1
O3380,U0373,M0094,2023-02-15,2
O3381,U0514,G0020,2023-12-13,2
O3382,U0721,E0088,2023-06-09,3
O3383,U0069,G0106,2023-02-06,3
O3384,U0689,G0084,2023-12-10,1
O3385,U0221,G0014,2023-03-24,1
O3386,U0614,G0125,2023-08-07,2
O3387,U0298,G0066,2023-08-17,2
O3388,U0739,M0113,2023-11-06,3
O3389,U0957,G0099,2023-08-01,2
O3390,U0547,E0009,2023-05-25,2
O3391,U0710,M0068,2023-08-15,2
O3392,U0506,F0058,2023-06-18,2
O3393,U0349,M0075,2023-08-23,4
O3394,U0335,F0085,2023-01-27,2
O3395,U0846,E0041,2023-05-18,3
O3396,U0665,M0124,2023-05-21,4
O3397,U0850,F0008,2023-11-08,4
O3398,U0286,M0096,2023-06-22,1
O3399,U0960,G0059,2023-02-26,2
O3400,U0111,M0033,2023-03-11,2
O3401,U0370,G0100,2023-12-13,1
O3402,U0298,M0046,2023-07-21,3
O3403,U0037,G0118,2023-04-02,4
O3404,U0629,M0072,2023-08-15,1
O3405,U0070,E0085,2023-09-26,3
O3406,U0930,E0099,2023-12-14,2
O3407,U0717,M0029,2023-11-12,4
O3408,U0803,G0017,2023-02-06,3
O3409,U0673,F0121,2023-12-17,4
O3410,U0832,G0100,2023-12-24,3
O3411,U0537,F0013,2023-01-23,3
O3412,U0976,G0042,2023-07-07,2
O3413,U0974,E0039,2023-02-16,3
O3414,U0707,M0087,2023-07-29,2
O3415,U0141,G0037,2023-10-08,3
O3416,U0084,M0090,2023-09-21,3
O3417,U0069,F0017,2023-12-04,2
O3418,U0983,G0086,2023-09-04,4
O3419,U0572,G0031,2023-12-16,4
O3420,U0795,M0106,2023-01-03,2
O3421,U0641,E0005,2023-10-01,1
O3422,U0054,M0105,2023-10-13,4
O3423,U0820,E0095,2023-07-18,3
O3424,U0156,F0024,2023-09-01,3
O3425,U0940,G0017,2023-12-03,1
O3426,U0006,G0025,2023-10-22,3
O3427,U0781,M0003,2023-11-18,2
O3428,U0927,G0054,2023-03-24,3
O3429,U0955,E0076,2023-05-14,2
O3430,U0443,G0019,2023-06-25,1
O3431,U0887,E0084,2023-09-05,1
O3432,U0803,F0009,2023-12-03,3
O3433,U0732,G0036,2023-03-11,2
O3434,U0343,M0028,2023-10-10,4
O3435,U0184,M0004,2023-02-23,3
O3436,U0590,F0031,2023-10-04,3
O3437,U0587,M0061,2023-04-30,1
O3438,U0376,M0064,2023-06-25,2
O3439,U0776,G0089,2023-06-01,1
O3440,U0174,F0055,2023-12-08,3
O3441,U0592,G0024,2023-07-16,4
O3442,U0386,E0124,2023-03-26,4
O3443,U0202,E0115,2023-04-30,4
O3444,U0769,F0095,2023-03-02,1
O3445,U0024,E0104,2023-07-27,2
O3446,U0877,E0095,2023-04-04,2
O3447,U0248,E0125,2023-04-17,1
O3448,U0046,F0103,2023-03-25,1
O3449,U0172,E0081,2023-10-29,4
O3450,U0619,F0117,2023-07-25,4
O3451,U0885,G0013,2023-07-04,2
O3452,U0733,F0124,2023-12-08,1
O3453,U0371,E0047,2023-04-05,2
O3454,U0626,E0038,2023-03-03,2
O3455,U0488,F0047,2023-04-21,4
O3456,U0520,M0105,2023-06-06,3
O3457,U0395,G0072,2023-10-03,3
O3458,U0123,G0034,2023-08-04,1
O3459,U0375,E0052,2023-12-22,3
O3460,U0262,E0084,2023-10-02,2
O3461,U0979,E0107,2023-07-07,4
O3462,U0518,G0047,2023-05-06,4
O3463,U0802,F0010,2023-01-17,2
O3464,U0112,E0004,2023-10-31,4
O3465,U0481,F0044,2023-01-07,2
O3466,U0687,E0014,2023-04-20,1
O3467,U0598,M0031,2023-05-28,2
O3468,U0546,F0070,2023-03-20,2
O3469,U0401,E0069,2023-05-07,2
O3470,U0697,E0016,2023-07-20,3
O3471,U0238,M0077,2023-11-23,2
O3472,U0881,F0054,2023-02-19,4
O3473,U0838,E0109,2023-10-10,3
O3474,U0913,M0073,2023-05-17,3
O3475,U0674,M0075,2023-06-03,3
O3476,U0052,M0125,2023-09-21,2
O3477,U0657,G0079,2023-06-29,2
O3478,U0077,E0061,2023-04-06,1
O3479,U0336,G0024,2023-01-02,3
O3480,U0926,G0083,2023-12-23,4
O3481,U0868,F0039,2023-11-26,1
O3482,U0174,G0011,2023-08-14,3
O3483,U0464,F0099,2023-09-25,4
O3484,U0807,M0071,2023-01-25,2
O3485,U0058,G0056,2023-11-28,1
O3486,U0201,F0034,2023-03-21,4
O3487,U0431,F0012,2023-08-02,3
O3488,U0011,G0017,2023-04-07,3
O3489,U0495,F0113,2023-08-28,2
O3490,U0277,G0052,2023-02-23,3
O3491,U0761,E0107,2023-02-23,4
O3492,U0957,F0062,2023-02-08,2
O3493,U0832,M0017,2023-05-12,2
O3494,U0554,E0057,2023-06-17,3
O3495,U0411,E0073,2023-08-07,1
O3496,U0254,M0125,2023-10-30,3
O3497,U0457,G0062,2023-01-13,3
O3498,U0201,M0040,2023-05-05,3
O3499,U0155,M0068,2023-05-06,3
O3500,U0429,M0090,2023-02-18,4
O3501,U0123,G0035,2023-03-19,1
O3502,U0936,G0063,2023-04-13,1
O3503,U0928,F0105,2023-11-20,2
O3504,U0168,E0024,2023-07-20,4
O3505,U0985,E0031,2023-03-24,1
O3506,U0300,M0120,2023-10-25,4
O3507,U0475,E0018,2023-10-31,1
O3508,U0904,M0021,2023-04-18,4
O3509,U0756,M0121,2023-09-18,2
O3510,U0829,M0050,2023-09-08,2
O3511,U0470,M0049,2023-07-25,4
O3512,U0722,G0082,2023-02-23,2
O3513,U0086,M0107,2023-05-24,4
O3514,U0866,E0105,2023-10-28,1
O3515,U0567,M0092,2023-12-25,4
O3516,U0977,M0011,2023-04-26,1
O3517,U0859,F0075,2023-09-26,1
O3518,U0316,M0024,2023-11-15,2
O3519,U0192,F0052,2023-04-13,3
O3520,U0965,E0004,2023-05-22,3
O3521,U0492,G0018,2023-05-05,1
O3522,U0586,M0096,2023-07-07,4
O3523,U0850,F0065,2023-12-28,2
O3524,U0348,G0070,2023-05-26,4
O3525,U0847,G0091,2023-12-15,1
O3526,U0797,M0091,2023-11-23,1
O3527,U0655,F0064,2023-02-19,4
O3528,U0567,F0080,2023-06-13,1
O3529,U0829,G0115,2023-06-05,3
O3530,U0854,M0038,2023-01-23,3
O3531,U0928,E0071,2023-12-22,1
O3532,U0426,F0079,2023-10-20,1
O3533,U0457,F0047,2023-12-24,1
O3534,U0379,F0054,2023-12-23,1
O3535,U0400,E0125,2023-09-23,3
O3536,U0373,G0087,2023-08-07,1
O3537,U0400,M0011,2023-01-12,4
O3538,U0920,E0102,2023-03-08,1
O3539,U0641,M0033,2023-03-06,2
O3540,U0904,F0101,2023-04-15,2
O3541,U0248,E0034,2023-01-16,1
O3542,U0222,M0072,2023-10-25,2
O3543,U0870,E0058,2023-02-07,2
O3544,U0492,E0088,2023-07-01,4
O3545,U0137,G0075,2023-09-02,3
O3546,U0900,F0103,2023-11-05,3
O3547,U0614,E0121,2023-09-16,2
O3548,U0272,F0010,2023-10-23,2
O3549,U0045,E0058,2023-08-08,4
O3550,U0993,G0116,2023-08-25,3
O3551,U0257,E0060,2023-04-04,1
O3552,U0269,F0082,2023-12-23,4
O3553,U0143,F0067,2023-09-15,3
O3554,U0500,M0122,2023-08-02,2
O3555,U0347,G0062,2023-06-03,4
O3556,U0470,E0056,2023-04-18,3
O3557,U0365,F0052,2023-11-24,2
O3558,U0790,F0095,2023-05-30,2
O3559,U0702,F0039,2023-10-21,1
O3560,U0197,E0123,2023-06-26,1
O3561,U0798,E0071,2023-03-18,4
O3562,U0934,M0085,2023-07-10,3
O3563,U0610,F0066,2023-09-19,1
O3564,U0943,M0071,2023-09-16,1
O3565,U0712,F0036,2023-04-04,2
O3566,U0281,G0098,2023-08-12,3
O3567,U0336,G0112,2023-11-19,1
O3568,U0492,M0066,2023-05-11,4
O3569,U0215,M0080,2023-01-31,2
O3570,U0475,G0025,2023-11-16,3
O3571,U0588,M0063,2023-03-07,3
O3572,U0496,M0111,2023-07-21,4
O3573,U0712,G0058,2023-07-05,3
O3574,U0843,M0112,2023-09-14,4
O3575,U0750,M0014,2023-01-14,1
O3576,U0732,E0025,2023-06-16,2
O3577,U0023,F0053,2023-02-27,4
O3578,U0208,M0039,2023-08-05,3
O3579,U0457,G0071,2023-09-04,2
O3580,U0157,F0116,2023-04-22,1
O3581,U0950,G0017,2023-10-17,3
O3582,U0875,E0028,2023-03-29,4
O3583,U0313,E0103,2023-11-01,2
O3584,U0140,F0047,2023-10-01,2
O3585,U0247,M0094,2023-08-19,2
O3586,U0544,G0057,2023-12-15,3
O3587,U0297,G0122,2023-03-10,1
O3588,U0578,E0105,2023-05-23,3
O3589,U0343,E0085,2023-10-19,2
O3590,U0605,F0070,2023-02-07,1
O3591,U0820,G0009,2023-01-01,4
O3592,U0680,M0069,2023-11-12,1
O3593,U0571,E0051,2023-02-19,4
O3594,U0023,G0008,2023-07-19,2
O3595,U0698,E0087,2023-03-02,1
O3596,U0971,F0085,2023-12-21,2
O3597,U0131,F0105,2023-05-31,4
O3598,U0459,E0111,2023-07-26,3
O3599,U0325,E0116,2023-09-15,3
O3600,U0795,G0025,2023-07-06,4
O3601,U0887,M0083,2023-10-21,1
O3602,U0581,G0102,2023-10-25,4
O3603,U0602,M0123,2023-01-10,3
O3604,U0669,G0018,2023-02-02,1
O3605,U0391,M0063,2023-04-11,1
O3606,U0868,M0047,2023-08-09,2
O3607,U0104,F0023,2023-02-11,3
O3608,U0785,G0061,2023-07-03,2
O3609,U0343,M0104,2023-08-08,3
O3610,U0226,F0101,2023-10-10,3
O3611,U0778,M0052,2023-05-24,3
O3612,U0539,F0045,2023-10-13,4
O3613,U0074,M0088,2023-01-29,1
O3614,U0701,F0007,2023-10-15,2
O3615,U0313,G0047,2023-10-19,2
O3616,U0036,M0007,2023-10-19,4
O3617,U0208,G0103,2023-03-30,4
O3618,U0635,M0048,2023-09-02,1
O3619,U0738,E0125,2023-08-28,4
O3620,U0463,F0005,2023-04-23,3
O3621,U0727,E0059,2023-09-13,4
O3622,U0803,M0063,2023-08-20,4
O3623,U0155,G0017,2023-09-14,1
O3624,U0057,G0095,2023-09-04,2
O3625,U0968,E0063,2023-09-26,1
O3626,U0245,G0013,2023-12-17,3
O3627,U0785,F0112,2023-11-26,4
O3628,U0915,E0120,2023-04-06,3
O3629,U0376,E0090,2023-12-18,2
O3630,U0380,M0019,2023-09-22,1
O3631,U0870,F0004,2023-08-02,2
O3632,U0436,E0050,2023-12-04,1
O3633,U0052,E0014,2023-01-04,3
O3634,U0714,F0118,2023-05-14,1
O3635,U0920,E0005,2023-08-05,2
O3636,U0725,E0067,2023-12-18,4
O3637,U0774,E0102,2023-02-11,3
O3638,U0518,G0063,2023-06-04,2
O3639,U0209,G0116,2023-09-10,1
O3640,U0186,M0054,2023-05-09,2
O3641,U0462,G0049,2023-11-25,4
O3642,U0683,E0081,2023-04-22,4
O3643,U0011,F0065,2023-01-12,2
O3644,U0458,M0012,2023-07-23,2
O3645,U0046,M0036,2023-07-20,4
O3646,U0415,G0089,2023-09-21,2
O3647,U0202,E0118,2023-03-05,2
O3648,U0365,F0018,2023-09-27,1
O3649,U0571,F0031,2023-05-12,2
O3650,U0072,F0067,2023-01-01,4
O3651,U0221,M0084,2023-05-05,4
O3652,U0261,M0005,2023-05-23,4
O3653,U0414,E0061,2023-10-30,2
O3654,U0536,E0087,2023-02-04,4
O3655,U0364,F0036,2023-05-04,1
O3656,U0535,E0086,2023-08-23,4
O3657,U0262,F0082,2023-11-15,3
O3658,U0797,E0003,2023-02-07,2
O3659,U0320,G0044,2023-01-05,1
O3660,U0416,F0093,2023-07-28,1
O3661,U0352,F0125,2023-07-24,1
O3662,U0985,G0095,2023-08-06,3
O3663,U0698,G0003,2023-01-03,2
O3664,U0681,M0055,2023-03-12,4
O3665,U0308,M0108,2023-07-20,4
O3666,U0847,F0105,2023-10-19,2
O3667,U0614,G0018,2023-03-15,2
O3668,U0333,M0043,2023-01-05,1
O3669,U0241,M0085,2023-08-02,2
O3670,U0968,M0059,2023-09-30,3
O3671,U0509,G0076,2023-07-10,2
O3672,U0953,G0023,2023-08-02,1
O3673,U0793,M0092,2023-03-23,1
O3674,U0166,G0094,2023-12-11,1
O3675,U0364,E0094,2023-02-12,1
O3676,U0118,F0038,2023-01-23,3
O3677,U0443,E0064,2023-01-17,4
O3678,U0548,M0085,2023-02-04,2
O3679,U0808,G0038,2023-06-28,4
O3680,U0448,G0093,2023-05-02,2
O3681,U0533,M0102,2023-08-12,1
O3682,U0248,G0049,2023-11-15,2
O3683,U0748,F0037,2023-07-22,3
O3684,U0302,E0099,2023-08-10,4
O3685,U0754,G0100,2023-03-10,2
O3686,U0513,E0094,2023-10-20,2
O3687,U0370,M0042,2023-11-27,4
O3688,U0387,G0111,2023-02-03,2
O3689,U0069,G0022,2023-12-18,4
O3690,U0604,M0017,2023-02-01,1
O3691,U0024,F0017,2023-04-17,1
O3692,U0150,F0112,2023-06-28,2
O3693,U0925,F0018,2023-10-03,3
O3694,U0439,E0055,2023-10-27,1
O3695,U0025,E0123,2023-11-10,4
O3696,U0493,F0001,2023-11-10,1
O3697,U0375,F0001,2023-06-05,4
O3698,U0040,M0051,2023-03-03,2
O3699,U0990,G0036,2023-12-07,2
O3700,U0968,E0121,2023-02-19,3
O3701,U0587,G0003,2023-02-05,2
O3702,U0871,E0068,2023-04-10,4
O3703,U0219,E0105,2023-07-13,1
O3704,U0373,M0037,2023-04-20,1
O3705,U0270,M0076,2023-06-11,3
O3706,U0675,M0110,2023-05-09,4
O3707,U0067,G0086,2023-03-09,4
O3708,U0724,E0052,2023-02-22,4
O3709,U0214,G0105,2023-11-16,4
O3710,U0383,F0019,2023-03-03,2
O3711,U0565,M0066,2023-02-21,4
O3712,U0983,M0101,2023-03-06,2
O3713,U0456,M0111,2023-06-12,1
O3714,U0899,G0054,2023-12-16,4
O3715,U0442,E0062,2023-11-23,2
O3716,U0170,G0115,2023-04-23,2
O3717,U0344,E0015,2023-12-04,2
O3718,U0794,F0085,2023-09-02,1
O3719,U0816,G0095,2023-03-21,2
O3720,U0704,E0003,2023-06-10,1
O3721,U0559,M0001,2023-01-26,1
O3722,U0975,E0110,2023-06-03,1
O3723,U0954,M0096,2023-08-13,3
O3724,U0630,E0055,2023-05-13,2
O3725,U0943,F0019,2023-07-29,2
O3726,U0440,F0043,2023-11-21,3
O3727,U0460,G0114,2023-06-29,2
O3728,U0984,E0053,2023-11-25,2
O3729,U0995,F0068,2023-01-15,2
O3730,U0357,F0028,2023-06-30,2
O3731,U0871,F0104,2023-01-21,4
O3732,U0459,F0056,2023-09-01,2
O3733,U0403,M0035,2023-07-05,4
O3734,U0796,E0062,2023-01-22,1
O3735,U0165,G0028,2023-04-14,3
O3736,U0880,M0105,2023-08-20,1
O3737,U0693,G0060,2023-07-03,1
O3738,U0865,G0030,2023-05-23,1
O3739,U0462,G0093,2023-09-24,1
O3740,U0401,E0096,2023-12-23,2
O3741,U0680,G0092,2023-01-27,4
O3742,U0104,E0118,2023-01-31,3
O3743,U0671,F0021,2023-07-29,2
O3744,U0022,E0009,2023-11-25,2
O3745,U0638,M0043,2023-08-07,1
O3746,U0452,G0050,2023-02-26,1
O3747,U0682,M0065,2023-04-24,1
O3748,U0454,M0094,2023-07-24,4
O3749,U0322,M0032,2023-06-19,2
O3750,U0064,G0028,2023-03-27,3
O3751,U0679,G0041,2023-06-16,4
O3752,U0134,M0057,2023-03-30,1
O3753,U0074,M0073,2023-07-07,4
O3754,U0715,E0119,2023-01-19,4
O3755,U0387,E0025,2023-05-10,3
O3756,U0182,M0114,2023-04-10,1
O3757,U0877,M0032,2023-01-17,2
O3758,U0781,M0107,2023-04-26,2
O3759,U0215,G0047,2023-03-01,1
O3760,U0241,E0106,2023-01-28,2
O3761,U0921,E0072,2023-08-19,3
O3762,U0577,M0109,2023-11-28,3
O3763,U0881,M0101,2023-02-15,4
O3764,U0494,G0053,2023-04-04,2
O3765,U0738,E0122,2023-07-05,3
O3766,U0383,M0080,2023-07-06,3
O3767,U0938,G0116,2023-04-18,3
O3768,U0630,F0089,2023-10-03,2
O3769,U0018,E0116,2023-12-13,2
O3770,U0689,E0009,2023-07-06,4
O3771,U0588,E0068,2023-10-06,1
O3772,U0896,M0121,2023-05-02,1
O3773,U0400,G0004,2023-01-17,2
O3774,U0021,F0041,2023-11-19,1
O3775,U0208,M0054,2023-09-27,2
O3776,U0198,E0052,2023-10-01,3
O3777,U0048,M0008,2023-01-20,1
O3778,U0588,M0038,2023-01-04,4
O3779,U0997,E0085,2023-04-24,1
O3780,U0667,M0047,2023-06-16,4
O3781,U0073,E0009,2023-10-01,3
O3782,U0104,G0113,2023-08-15,3
O3783,U0706,E0090,2023-07-17,4
O3784,U0065,F0028,2023-07-12,2
O3785,U0689,M0035,2023-12-10,1
O3786,U0410,F0017,2023-03-12,4
O3787,U0644,M0002,2023-02-13,4
O3788,U0689,E0111,2023-04-22,3
O3789,U0209,E0073,2023-08-16,1
O3790,U0111,M0083,2023-10-18,2
O3791,U0177,M0014,2023-08-31,2
O3792,U0878,F0040,2023-11-23,2
O3793,U0564,M0074,2023-12-08,1
O3794,U0845,M0025,2023-10-13,4
O3795,U0574,F0106,2023-02-11,1
O3796,U0396,F0118,2023-11-02,1
O3797,U0573,G0077,2023-06-16,1
O3798,U0486,F0101,2023-05-13,3
O3799,U0034,E0066,2023-07-03,1
O3800,U0343,F0071,2023-05-30,2
O3801,U0576,F0076,2023-04-06,2
O3802,U0449,F0013,2023-02-15,2
O3803,U0569,M0037,2023-10-05,3
O3804,U0596,E0071,2023-10-21,1
O3805,U0202,M0058,2023-05-14,1
O3806,U0153,E0125,2023-08-14,3
O3807,U0661,F0069,2023-02-26,2
O3808,U0161,M0085,2023-06-25,3
O3809,U0363,G0065,2023-08-29,1
O3810,U0831,F0027,2023-07-25,4
O3811,U0019,F0038,2023-07-02,2
O3812,U0565,G0038,2023-04-17,4
O3813,U0026,F0066,2023-06-04,1
O3814,U0529,G0039,2023-02-04,4
O3815,U0803,E0077,2023-08-25,3
O3816,U0971,E0057,2023-05-02,1
O3817,U0928,M0027,2023-11-22,4
O3818,U0098,G0020,2023-03-21,2
O3819,U0100,F0075,2023-02-08,1
O3820,U0910,F0109,2023-07-21,3
O3821,U0188,E0078,2023-03-29,1
O3822,U0988,F0101,2023-10-27,4
O3823,U0238,M0108,2023-05-04,4
O3824,U0655,F0031,2023-06-03,3
O3825,U0951,E0020,2023-03-26,1
O3826,U0248,M0078,2023-11-28,3
O3827,U0284,E0050,2023-10-24,1
O3828,U0251,F0026,2023-02-07,4
O3829,U0278,F0113,2023-02-26,2
O3830,U0857,E0059,2023-11-13,3
O3831,U0534,G0017,2023-04-07,1
O3832,U0648,M0021,2023-11-06,3
O3833,U0398,G0058,2023-11-16,3
O3834,U0327,M0055,2023-08-22,1
O3835,U0902,M0117,2023-07-04,2
O3836,U0366,E0037,2023-03-17,4
O3837,U0593,G0039,2023-02-24,1
O3838,U0573,M0065,2023-03-18,4
O3839,U0826,F0110,2023-03-07,4
O3840,U0495,G0053,2023-09-23,1
O3841,U0598,F0017,2023-12-27,4
O3842,U0150,M0027,2023-06-20,3
O3843,U0507,G0074,2023-09-07,3
O3844,U0374,M0034,2023-02-03,3
O3845,U0082,E0051,2023-05-31,3
O3846,U0415,M0070,2023-08-23,1
O3847,U0393,G0007,2023-03-22,3
O3848,U0136,E0068,2023-09-29,4
O3849,U0015,M0008,2023-06-11,2
O3850,U0093,M0061,2023-04-14,2
O3851,U0982,M0015,2023-11-20,3
O3852,U0380,E0064,2023-03-12,2
O3853,U0297,E0089,2023-05-05,3
O3854,U0211,E0048,2023-04-17,4
O3855,U0603,E0090,2023-07-11,1
O3856,U0644,G0021,2023-10-11,4
O3857,U0446,F0096,2023-12-13,2
O3858,U0673,E0061,2023-06-01,2
O3859,U0823,M0044,2023-03-06,1
O3860,U0181,G0004,2023-04-10,1
O3861,U0766,G0086,2023-11-17,2
O3862,U0694,M0097,2023-04-16,2
O3863,U0656,E0030,2023-08-14,4
O3864,U0919,M0082,2023-01-15,4
O3865,U0667,F0087,2023-12-21,1
O3866,U0663,M0030,2023-11-22,3
O3867,U0956,E0008,2023-03-16,2
O3868,U0026,G0045,2023-05-31,3
O3869,U0440,M0020,2023-08-11,1
O3870,U0004,M0002,2023-06-15,2
O3871,U0017,G0012,2023-09-25,2
O3872,U0940,G0003,2023-03-25,1
O3873,U0453,M0009,2023-04-19,3
O3874,U0036,F0077,2023-05-13,4
O3875,U0519,E0060,2023-03-20,2
O3876,U0543,M0056,2023-12-09,3
O3877,U0369,E0032,2023-03-30,3
O3878,U0629,G0077,2023-09-25,1
O3879,U0428,M0122,2023-06-22,2
O3880,U0812,F0074,2023-08-31,3
O3881,U0710,M0107,2023-10-06,3
O3882,U0964,G0032,2023-08-20,1
O3883,U0106,E0052,2023-04-19,3
O3884,U0835,F0034,2023-08-20,4
O3885,U0498,F0062,2023-09-30,2
O3886,U0536,E0055,2023-02-17,2
O3887,U0732,M0089,2023-09-14,1
O3888,U0286,F0055,2023-02-28,4
O3889,U0408,F0015,2023-10-11,2
O3890,U0198,F0058,2023-09-08,2
O3891,U0226,E0066,2023-06-29,2
O3892,U0832,E0121,2023-04-17,3
O3893,U0015,F0039,2023-11-23,2
O3894,U0408,G0010,2023-09-09,2
O3895,U0202,M0108,2023-01-31,1
O3896,U0106,F0026,2023-11-12,4
O3897,U0722,E0009,2023-02-17,1
O3898,U0048,M0013,2023-07-11,2
O3899,U0103,F0112,2023-09-23,4
O3900,U0707,M0035,2023-01-28,2
O3901,U0623,M0115,2023-07-28,3
O3902,U0565,F0047,2023-04-10,2
O3903,U0210,F0025,2023-06-05,4
O3904,U0852,M0001,2023-05-16,2
O3905,U0812,G0023,2023-04-26,1
O3906,U0376,M0108,2023-04-03,1
O3907,U0604,E0075,2023-04-15,1
O3908,U0226,F0075,2023-02-23,4
O3909,U0453,G0119,2023-11-01,2
O3910,U0054,E0014,2023-09-09,4
O3911,U0079,G0012,2023-10-31,4
O3912,U0700,M0075,2023-09-23,4
O3913,U0433,E0115,2023-12-12,3
O3914,U0139,F0029,2023-03-03,3
O3915,U0334,M0006,2023-05-12,1
O3916,U0133,E0077,2023-11-07,4
O3917,U0916,M0062,2023-05-17,2
O3918,U0811,E0045,2023-12-30,4
O3919,U0726,M0032,2023-01-28,3
O3920,U0346,M0112,2023-01-16,2
O3921,U0982,M0092,2023-06-07,1
O3922,U0839,F0086,2023-10-31,1
O3923,U0908,F0085,2023-08-05,2
O3924,U0918,E0061,2023-08-31,1
O3925,U0775,E0068,2023-11-22,3
O3926,U0484,G0115,2023-03-05,2
O3927,U0445,F0122,2023-08-04,3
O3928,U0370,E0005,2023-12-13,2
O3929,U0102,M0035,2023-12-07,3
O3930,U0319,G0121,2023-12-25,4
O3931,U0712,G0105,2023-12-29,2
O3932,U0614,M0031,2023-07-04,2
O3933,U0092,M0071,2023-04-07,3
O3934,U0127,E0119,2023-04-13,3
O3935,U0904,F0104,2023-02-18,3
O3936,U0411,F0063,2023-11-12,2
O3937,U0055,E0082,2023-10-09,3
O3938,U0508,E0011,2023-02-16,4
O3939,U0745,G0098,2023-01-31,2
O3940,U0011,E0012,2023-05-28,3
O3941,U0262,F0058,2023-12-20,1
O3942,U0333,M0109,2023-06-22,2
O3943,U0570,E0015,2023-10-28,1
O3944,U0763,F0089,2023-01-21,4
O3945,U0470,M0116,2023-11-28,4
O3946,U0099,G0091,2023-12-13,4
O3947,U0973,F0053,2023-12-18,2
O3948,U0731,G0075,2023-03-23,4
O3949,U0918,G0018,2023-05-19,2
O3950,U0872,E0028,2023-07-22,2
O3951,U0838,M0014,2023-05-18,2
O3952,U0836,E0105,2023-10-09,3
O3953,U0072,G0036,2023-05-11,2
O3954,U0945,G0111,2023-10-19,2
O3955,U0674,G0012,2023-08-04,4
O3956,U0386,G0075,2023-05-10,1
O3957,U0956,M0004,2023-06-14,3
O3958,U0610,E0053,2023-01-14,2
O3959,U0187,G0100,2023-09-04,4
O3960,U0139,E0008,2023-11-30,1
O3961,U0395,G0120,2023-08-27,2
O3962,U0491,F0066,2023-11-02,4
O3963,U0986,M0026,2023-10-17,4
O3964,U0872,G0019,2023-07-25,3
O3965,U0425,F0006,2023-09-12,3
O3966,U0405,M0007,2023-03-15,3
O3967,U0637,F0048,2023-03-01,4
O3968,U0696,G0100,2023-02-01,3
O3969,U0226,M0001,2023-01-03,4
O3970,U0727,G0091,2023-03-29,1
O3971,U0377,G0003,2023-08-07,1
O3972,U0389,M0064,2023-09-04,2
O3973,U0544,F0092,2023-03-19,4
O3974,U0007,E0062,2023-12-02,4
O3975,U0804,F0087,2023-05-01,4
O3976,U0475,G0037,2023-06-05,2
O3977,U0272,G0115,2023-05-15,1
O3978,U0062,F0058,2023-08-29,1
O3979,U0470,F0067,2023-10-18,4
O3980,U0756,F0112,2023-10-04,1
O3981,U0102,E0008,2023-02-13,4
O3982,U0885,G0065,2023-05-31,4
O3983,U0288,G0045,2023-05-23,4
O3984,U0877,F0072,2023-09-19,4
O3985,U0444,G0011,2023-02-24,3
O3986,U0942,F0073,2023-01-31,2
O3987,U0630,F0100,2023-06-18,2
O3988,U0206,F0109,2023-07-04,2
O3989,U0336,F0101,2023-06-10,3
O3990,U0622,E0116,2023-09-11,2
O3991,U0901,M0071,2023-06-15,4
O3992,U0682,M0083,2023-04-29,4
O3993,U0310,F0028,2023-09-30,1
O3994,U0727,E0050,2023-12-19,4
O3995,U0925,G0123,2023-01-05,1
O3996,U0032,M0032,2023-02-09,2
O3997,U0772,E0114,2023-06-02,4
O3998,U0963,E0098,2023-06-24,1
O3999,U0207,F0051,2023-01-27,4
O4000,U0938,F0109,2023-08-09,2
O4001,U0242,M0100,2023-03-12,2
O4002,U0462,F0103,2023-09-03,4
O4003,U0702,F0113,2023-04-19,1
O4004,U0120,F0014,2023-06-18,4
O4005,U0409,F0008,2023-10-24,4
O4006,U0021,E0010,2023-12-27,4
O4007,U0913,G0097,2023-11-13,1
O4008,U0943,G0058,2023-08-22,4
O4009,U0493,M0049,2023-03-02,4
O4010,U0963,M0088,2023-07-09,1
O4011,U0963,E0116,2023-07-21,3
O4012,U0461,G0002,2023-01-11,1
O4013,U0541,F0010,2023-08-25,2
O4014,U0676,F0011,2023-05-15,1
O4015,U0379,G0096,2023-08-15,1
O4016,U0742,F0095,2023-11-28,1
O4017,U0562,M0033,2023-10-20,4
O4018,U0021,F0038,2023-10-25,1
O4019,U0300,F0076,2023-10-31,2
O4020,U0227,F0089,2023-11-20,2
O4021,U0585,E0034,2023-03-18,1
O4022,U0336,F0052,2023-05-27,4
O4023,U0306,M0091,2023-03-28,4
O4024,U0457,F0046,2023-10-12,3
O4025,U0365,E0091,2023-03-07,4
O4026,U0068,E0073,2023-04-02,3
O4027,U0246,E0046,2023-03-01,2
O4028,U0838,M0001,2023-07-31,4
O4029,U0346,G0116,2023-06-19,3
O4030,U0526,F0119,2023-07-29,4
O4031,U0047,M0086,2023-12-06,1
O4032,U0399,M0027,2023-06-03,3
O4033,U0912,F0009,2023-11-19,4
O4034,U0536,F0042,2023-06-06,2
O4035,U0630,G0112,2023-10-07,2
O4036,U0618,E0111,2023-09-09,3
O4037,U0343,G0081,2023-05-28,3
O4038,U0051,M0063,2023-12-10,2
O4039,U0275,G0064,2023-08-17,1
O4040,U0394,M0055,2023-12-27,2
O4041,U0464,G0102,2023-02-06,2
O4042,U0190,M0008,2023-10-21,4
O4043,U0210,F0093,2023-10-15,4
O4044,U0273,G0101,2023-06-26,1
O4045,U0240,M0008,2023-10-13,2
O4046,U0012,F0105,2023-10-03,3
O4047,U0436,G0048,2023-02-09,3
O4048,U0398,M0054,2023-10-10,3
O4049,U0431,E0081,2023-03-19,3
O4050,U0011,G0116,2023-08-17,4
O4051,U0429,M0086,2023-07-29,2
O4052,U0954,G0087,2023-12-10,2
O4053,U0595,F0037,2023-12-24,4
O4054,U0788,F0024,2023-04-11,3
O4055,U0217,G0051,2023-01-10,1
O4056,U0120,G0109,2023-05-14,2
O4057,U0900,M0077,2023-11-29,2
O4058,U0141,G0047,2023-05-27,2
O4059,U0251,M0031,2023-09-15,3
O4060,U0101,M0108,2023-10-03,3
O4061,U0884,F0094,2023-05-14,4
O4062,U0106,F0109,2023-05-16,1
O4063,U0629,E0015,2023-04-25,3
O4064,U0992,G0027,2023-08-29,3
O4065,U0534,M0066,2023-03-10,2
O4066,U0041,M0009,2023-01-16,2
O4067,U0390,M0012,2023-09-15,1
O4068,U0315,E0058,2023-05-26,1
O4069,U0158,M0060,2023-03-27,3
O4070,U0081,G0041,2023-10-04,1
O4071,U0767,G0043,2023-02-27,1
O4072,U0091,F0014,2023-06-24,1
O4073,U0473,F0102,2023-02-20,3
O4074,U0852,M0089,2023-01-31,4
O4075,U0889,M0104,2023-12-30,3
O4076,U0783,M0023,2023-03-22,2
O4077,U0357,M0005,2023-05-16,2
O4078,U0916,M0072,2023-04-16,3
O4079,U0889,G0107,2023-03-20,2
O4080,U0243,F0053,2023-02-09,4
O4081,U0265,G0005,2023-01-17,3
O4082,U0672,G0039,2023-01-13,3
O4083,U0710,E0096,2023-04-24,2
O4084,U0234,E0054,2023-01-30,1
O4085,U0669,F0006,2023-09-23,3
O4086,U0637,F0090,2023-07-30,3
O4087,U0597,G0058,2023-09-12,2
O4088,U0143,E0078,2023-01-14,4
O4089,U0459,F0085,2023-08-12,3
O4090,U0258,G0090,2023-09-21,2
O4091,U0135,F0049,2023-11-17,3
O4092,U0598,E0053,2023-04-02,2
O4093,U0117,G0121,2023-11-13,3
O4094,U0681,F0112,2023-04-13,1
O4095,U0072,G0013,2023-04-14,3
O4096,U0883,F0032,2023-10-25,2
O4097,U0536,E0010,2023-02-17,3
O4098,U0332,M0059,2023-09-20,1
O4099,U0633,E0060,2023-09-22,1
O4100,U0330,F0101,2023-03-17,2
O4101,U0970,F0011,2023-05-06,4
O4102,U0922,G0082,2023-12-06,3
O4103,U0175,G0067,2023-12-26,2
O4104,U0002,F0003,2023-11-02,2
O4105,U0348,M0081,2023-11-04,1
O4106,U0443,E0092,2023-12-06,3
O4107,U0235,E0060,2023-07-28,2
O4108,U0137,E0063,2023-06-27,1
O4109,U0477,G0046,2023-01-15,2
O4110,U0963,M0060,2023-10-25,1
O4111,U0743,G0005,2023-10-05,4
O4112,U0301,G0026,2023-04-07,2
O4113,U0239,F0102,2023-02-13,4
O4114,U0340,G0063,2023-11-12,1
O4115,U0722,G0044,2023-03-30,2
O4116,U0409,E0117,2023-11-06,3
O4117,U0157,M0100,2023-04-08,4
O4118,U0302,G0106,2023-11-07,2
O4119,U0256,E0005,2023-12-26,3
O4120,U0756,G0056,2023-05-18,4
O4121,U0352,E0052,2023-12-23,4
O4122,U0037,M0036,2023-12-17,2
O4123,U0357,F0019,2023-11-03,2
O4124,U0421,E0010,2023-05-01,1
O4125,U0402,E0088,2023-11-21,3
O4126,U0519,F0033,2023-03-14,4
O4127,U0372,M0076,2023-08-15,1
O4128,U0927,E0081,2023-01-10,2
O4129,U0918,F0060,2023-10-20,4
O4130,U0062,F0026,2023-01-13,4
O4131,U0938,F0070,2023-12-23,4
O4132,U0617,F0004,2023-03-22,1
O4133,U0005,M0032,2023-08-10,1
O4134,U0734,G0085,2023-01-03,4
O4135,U0147,F0037,2023-12-15,1
O4136,U0151,F0100,2023-10-20,2
O4137,U0809,F0041,2023-09-14,3
O4138,U0258,F0083,2023-05-26,2
O4139,U0883,M0111,2023-07-08,2
O4140,U0798,M0081,2023-03-27,4
O4141,U0981,M0087,2023-02-11,2
O4142,U0895,F0080,2023-06-12,4
O4143,U0244,F0085,2023-09-20,4
O4144,U0456,F0113,2023-09-22,3
O4145,U0645,G0048,2023-03-26,4
O4146,U0888,M0069,2023-12-08,1
O4147,U0765,F0039,2023-03-24,4
O4148,U0056,E0104,2023-08-18,4
O4149,U0653,M0049,2023-12-20,4
O4150,U0714,G0056,2023-06-19,3
O4151,U0739,M0116,2023-07-09,3
O4152,U0397,M0118,2023-11-28,2
O4153,U0797,E0027,2023-09-21,1
O4154,U0317,M0067,2023-04-29,1
O4155,U0096,M0053,2023-07-08,4
O4156,U0541,M0118,2023-03-15,4
O4157,U0693,E0119,2023-04-25,4
O4158,U0149,M0112,2023-02-07,2
O4159,U0257,G0072,2023-09-10,4
O4160,U0746,E0074,2023-03-12,3
O4161,U0294,M0057,2023-08-07,3
O4162,U0995,G0062,2023-04-06,3
O4163,U0358,M0049,2023-05-27,4
O4164,U0016,G0055,2023-07-28,4
O4165,U0074,F0051,2023-05-20,1
O4166,U0569,M0077,2023-03-23,4
O4167,U0661,E0123,2023-02-02,4
O4168,U0721,M0080,2023-07-08,4
O4169,U0149,F0050,2023-06-17,2
O4170,U0250,M0054,2023-03-15,1
O4171,U0905,G0087,2023-04-06,1
O4172,U0293,F0014,2023-04-20,2
O4173,U0550,G0047,2023-09-10,4
O4174,U0729,E0012,2023-07-31,3
O4175,U0792,E0070,2023-11-27,1
O4176,U0499,E0074,2023-05-23,2
O4177,U0974,M0102,2023-06-23,4
O4178,U0410,E0049,2023-07-04,3
O4179,U0896,E0108,2023-09-16,2
O4180,U0969,F0061,2023-02-21,1
O4181,U0336,M0090,2023-03-25,2
O4182,U0371,F0064,2023-11-25,3
O4183,U0172,F0030,2023-09-29,2
O4184,U0856,G0096,2023-02-09,2
O4185,U0544,G0009,2023-09-29,4
O4186,U0396,G0028,2023-06-13,3
O4187,U0690,M0008,2023-09-12,1
O4188,U0477,M0045,2023-08-23,3
O4189,U0679,F0075,2023-11-10,4
O4190,U0584,G0079,2023-11-30,2
O4191,U0688,F0096,2023-03-21,1
O4192,U0202,M0016,2023-09-05,1
O4193,U0860,G0018,2023-01-05,4
O4194,U0415,M0089,2023-09-18,3
O4195,U0091,M0072,2023-11-01,1
O4196,U0859,M0036,2023-02-15,2
O4197,U0735,M0049,2023-03-25,2
O4198,U0727,E0080,2023-11-12,2
O4199,U0986,M0014,2023-12-20,3
O4200,U0309,E0038,2023-09-06,4
O4201,U0451,F0027,2023-03-01,1
O4202,U0565,F0081,2023-07-09,4
O4203,U0227,E0065,2023-08-20,3
O4204,U0303,F0064,2023-10-02,1
O4205,U0010,E0055,2023-07-27,4
O4206,U0244,G0077,2023-04-06,2
O4207,U0104,E0013,2023-10-09,4
O4208,U0140,G0018,2023-04-07,3
O4209,U0259,E0092,2023-03-12,4
O4210,U0861,E0038,2023-05-14,2
O4211,U0421,G0035,2023-10-25,1
O4212,U0858,F0117,2023-05-29,2
O4213,U0118,E0085,2023-02-26,2
O4214,U0682,G0007,2023-10-07,3
O4215,U0556,F0021,2023-10-31,4
O4216,U0455,M0022,2023-01-03,3
O4217,U0770,M0091,2023-04-10,3
O4218,U0864,E0115,2023-01-01,4
O4219,U0278,M0046,2023-05-20,2
O4220,U0302,G0016,2023-07-21,2
O4221,U0099,G0031,2023-08-10,3
O4222,U0814,M0042,2023-04-09,2
O4223,U0606,G0108,2023-05-23,2
O4224,U0937,M0029,2023-02-21,3
O4225,U0086,G0085,2023-04-22,1
O4226,U0522,F0031,2023-02-13,1
O4227,U0174,M0074,2023-02-02,4
O4228,U0995,M0110,2023-03-09,4
O4229,U0438,G0081,2023-04-12,2
O4230,U0631,M0007,2023-01-25,4
O4231,U0011,G0045,2023-02-27,1
O4232,U0899,E0061,2023-02-26,1
O4233,U0552,E0014,2023-01-11,1
O4234,U0106,G0082,2023-08-05,4
O4235,U0555,F0081,2023-12-11,1
O4236,U0642,F0026,2023-09-12,3
O4237,U0610,M0008,2023-04-01,2
O4238,U0256,E0098,2023-08-22,2
O4239,U0318,M0009,2023-09-19,3
O4240,U0008,E0028,2023-04-18,4
O4241,U0743,M0080,2023-03-25,2
O4242,U0874,M0081,2023-11-22,1
O4243,U0641,G0041,2023-08-03,4
O4244,U0268,G0100,2023-05-18,4
O4245,U0541,G0009,2023-01-19,2
O4246,U0197,M0067,2023-10-28,1
O4247,U0787,F0085,2023-02-13,1
O4248,U0735,F0023,2023-05-04,3
O4249,U0573,F0102,2023-12-07,3
O4250,U0057,M0031,2023-08-18,2
O4251,U0444,E0008,2023-10-08,2
O4252,U0279,E0088,2023-09-17,4
O4253,U0464,G0074,2023-09-23,3
O4254,U0915,F0007,2023-10-06,1
O4255,U0214,G0074,2023-07-26,1
O4256,U0658,G0123,2023-07-31,1
O4257,U0633,E0049,2023-07-24,1
O4258,U0595,G0087,2023-06-19,1
O4259,U0193,G0101,2023-11-17,4
O4260,U0324,E0108,2023-05-29,2
O4261,U0419,M0052,2023-11-22,3
O4262,U0700,G0089,2023-07-05,1
O4263,U0048,G0076,2023-03-10,2
O4264,U0955,F0032,2023-07-29,3
O4265,U0904,E0046,2023-07-11,4
O4266,U0839,F0042,2023-08-08,1
O4267,U0654,M0075,2023-08-05,2
O4268,U0700,E0101,2023-07-31,2
O4269,U0782,G0043,2023-08-19,2
O4270,U0549,E0015,2023-06-30,4
O4271,U0616,E0033,2023-01-12,2
O4272,U0506,E0107,2023-09-23,2
O4273,U0769,G0101,2023-01-31,3
O4274,U0299,G0089,2023-04-14,3
O4275,U0933,E0057,2023-01-01,1
O4276,U0819,E0117,2023-09-28,1
O4277,U0130,F0107,2023-05-02,2
O4278,U0757,M0030,2023-02-05,3
O4279,U0425,E0065,2023-01-11,4
O4280,U0214,M0073,2023-08-28,1
O4281,U0720,G0065,2023-02-19,3
O4282,U0108,G0124,2023-07-08,3
O4283,U0058,E0002,2023-10-16,1
O4284,U0731,G0076,2023-02-22,3
O4285,U0312,F0094,2023-12-27,2
O4286,U0271,G0046,2023-07-01,4
O4287,U0939,E0050,2023-02-05,4
O4288,U0085,M0043,2023-06-27,2
O4289,U0321,M0014,2023-11-25,4
O4290,U0969,M0066,2023-02-15,4
O4291,U0945,G0106,2023-08-24,4
O4292,U0338,F0063,2023-06-30,1
O4293,U0856,G0002,2023-10-28,1
O4294,U0634,M0075,2023-08-25,1
O4295,U0226,F0108,2023-09-23,4
O4296,U0741,M0025,2023-01-19,4
O4297,U0938,F0030,2023-04-13,3
O4298,U0284,G0082,2023-08-01,1
O4299,U0940,E0071,2023-10-18,2
O4300,U0202,E0064,2023-11-07,4
O4301,U0573,F0068,2023-11-02,1
O4302,U0689,G0004,2023-08-12,3
O4303,U0081,G0083,2023-05-02,3
O4304,U0676,E0007,2023-11-05,4
O4305,U0120,G0104,2023-04-14,4
O4306,U0030,G0062,2023-04-03,4
O4307,U0175,M0108,2023-05-29,4
O4308,U0823,F0007,2023-11-06,3
O4309,U0017,M0078,2023-04-19,1
O4310,U0168,E0109,2023-07-22,4
O4311,U0452,E0080,2023-12-13,2
O4312,U0002,M0039,2023-05-07,2
O4313,U0467,G0021,2023-07-28,4
O4314,U0376,G0088,2023-03-19,2
O4315,U0668,F0064,2023-03-03,2
O4316,U0079,G0043,2023-02-18,4
O4317,U0563,F0118,2023-06-28,1
O4318,U0322,F0012,2023-03-01,2
O4319,U0638,E0069,2023-06-18,1
O4320,U0180,E0027,2023-04-22,4
O4321,U0143,M0072,2023-04-23,1
O4322,U0544,M0115,2023-02-05,1
O4323,U0241,F0100,2023-10-31,4
O4324,U0674,G0013,2023-05-04,4
O4325,U0354,G0122,2023-12-18,3
O4326,U0279,M0075,2023-02-26,2
O4327,U0675,F0032,2023-07-24,4
O4328,U0988,E0091,2023-07-29,2
O4329,U0257,M0002,2023-09-15,3
O4330,U0996,F0056,2023-11-24,3
O4331,U0644,G0091,2023-09-17,1
O4332,U0396,E0089,2023-07-03,4
O4333,U0502,M0085,2023-07-18,2
O4334,U0314,G0070,2023-01-24,4
O4335,U0208,G0033,2023-12-11,2
O4336,U0014,E0037,2023-11-02,3
O4337,U0526,M0119,2023-08-06,3
O4338,U0995,M0017,2023-07-23,3
O4339,U0349,E0037,2023-06-11,4
O4340,U0721,F0066,2023-02-04,2
O4341,U0004,G0104,2023-09-10,3
O4342,U0451,F0085,2023-05-18,2
O4343,U0539,F0093,2023-04-01,3
O4344,U0211,M0032,2023-09-10,1
O4345,U0790,E0033,2023-11-24,2
O4346,U0759,M0002,2023-12-17,3
O4347,U0408,M0042,2023-12-02,4
O4348,U0131,G0119,2023-08-08,3
O4349,U0624,G0121,2023-10-13,1
O4350,U0827,M0016,2023-11-11,4
O4351,U0144,M0065,2023-12-25,2
O4352,U0787,E0124,2023-04-08,3
O4353,U0610,F0114,2023-06-11,2
O4354,U0800,E0124,2023-11-26,3
O4355,U0673,G0003,2023-12-16,4
O4356,U0731,G0084,2023-05-29,3
O4357,U0432,E0050,2023-10-04,1
O4358,U0503,M0085,2023-03-12,1
O4359,U0800,G0032,2023-05-29,2
O4360,U0778,E0023,2023-06-17,1
O4361,U0798,G0042,2023-04-26,4
O4362,U0221,G0052,2023-02-25,3
O4363,U0065,F0009,2023-07-28,1
O4364,U0915,M0086,2023-10-14,1
O4365,U0714,M0125,2023-07-10,3
O4366,U0680,F0106,2023-05-18,4
O4367,U0920,F0106,2023-06-03,2
O4368,U0012,E0072,2023-11-24,3
O4369,U0081,M0053,2023-10-07,3
O4370,U0736,M0083,2023-08-10,1
O4371,U0979,G0119,2023-05-25,1
O4372,U0407,F0033,2023-01-11,2
O4373,U0469,M0074,2023-05-27,3
O4374,U0837,M0088,2023-01-13,3
O4375,U0851,E0093,2023-07-29,4
O4376,U0244,M0097,2023-07-13,4
O4377,U0944,G0080,2023-02-26,1
O4378,U0142,G0032,2023-09-01,4
O4379,U0073,G0048,2023-03-28,2
O4380,U0923,E0070,2023-10-27,1
O4381,U0755,M0114,2023-06-13,4
O4382,U0015,E0125,2023-08-21,2
O4383,U0655,M0064,2023-04-02,1
O4384,U0642,G0051,2023-11-03,3
O4385,U0139,F0026,2023-04-13,3
O4386,U0391,E0123,2023-04-13,4
O4387,U0856,G0008,2023-02-04,1
O4388,U0664,F0072,2023-10-07,4
O4389,U0099,M0086,2023-02-08,1
O4390,U0489,E0025,2023-06-02,3
O4391,U0870,E0076,2023-04-18,1
O4392,U0920,F0034,2023-05-01,4
O4393,U0491,F0004,2023-07-22,2
O4394,U0062,F0095,2023-10-08,1
O4395,U0154,F0076,2023-04-21,4
O4396,U0688,G0036,2023-01-21,3
O4397,U0192,M0001,2023-05-01,4
O4398,U0358,G0024,2023-06-19,1
O4399,U0199,M0107,2023-03-04,2
O4400,U0144,E0017,2023-03-16,2
O4401,U0333,E0084,2023-04-03,1
O4402,U0324,F0021,2023-04-04,1
O4403,U0152,M0042,2023-07-28,4
O4404,U0120,E0021,2023-10-08,3
O4405,U0637,G0051,2023-03-24,2
O4406,U0349,M0118,2023-12-12,2
O4407,U0298,E0021,2023-05-22,4
O4408,U0508,E0033,2023-10-24,2
O4409,U0633,F0119,2023-03-01,4
O4410,U0014,G0113,2023-05-06,3
O4411,U0598,G0055,2023-08-09,2
O4412,U0992,M0084,2023-02-27,2
O4413,U0732,F0055,2023-07-09,2
O4414,U0241,F0119,2023-03-20,4
O4415,U0795,E0012,2023-05-29,2
O4416,U0526,M0077,2023-02-24,4
O4417,U0118,E0033,2023-04-03,4
O4418,U0954,E0036,2023-11-27,4
O4419,U0285,F0070,2023-06-12,2
O4420,U0708,F0071,2023-03-26,4
O4421,U0542,M0064,2023-04-01,4
O4422,U0935,M0106,2023-09-10,2
O4423,U0841,E0012,2023-07-14,2
O4424,U0559,F0055,2023-02-09,2
O4425,U0337,G0008,2023-10-26,1
O4426,U0295,M0004,2023-06-22,1
O4427,U0412,E0096,2023-04-05,3
O4428,U0761,F0073,2023-12-17,3
O4429,U0320,F0015,2023-12-19,4
O4430,U0634,G0049,2023-11-16,1
O4431,U0054,M0025,2023-02-25,4
O4432,U0425,F0050,2023-07-20,4
O4433,U0239,M0040,2023-12-11,3
O4434,U0961,F0054,2023-11-03,2
O4435,U0246,G0103,2023-04-19,4
O4436,U0776,M0079,2023-05-26,4
O4437,U0110,G0050,2023-10-02,3
O4438,U0101,M0088,2023-10-12,3
O4439,U0478,G0061,2023-02-17,2
O4440,U0861,G0063,2023-09-09,3
O4441,U0174,F0112,2023-09-19,3
O4442,U0750,G0106,2023-12-16,4
O4443,U0289,E0057,2023-06-18,4
O4444,U0907,E0025,2023-01-23,4
O4445,U0447,E0065,2023-01-07,2
O4446,U0169,G0062,2023-05-13,2
O4447,U0407,E0033,2023-02-02,3
O4448,U0704,F0058,2023-04-20,1
O4449,U0218,G0109,2023-10-24,2
O4450,U0256,E0027,2023-08-20,4
O4451,U0954,E0002,2023-02-04,2
O4452,U0796,G0024,2023-04-12,4
O4453,U0874,F0066,2023-07-20,1
O4454,U0356,F0069,2023-02-25,4
O4455,U0691,E0119,2023-03-07,2
O4456,U0992,E0013,2023-03-10,3
O4457,U0464,M0025,2023-11-05,4
O4458,U0881,E0015,2023-07-14,2
O4459,U0689,E0027,2023-06-15,2
O4460,U0905,F0104,2023-02-14,2
O4461,U0110,F0062,2023-07-25,2
O4462,U0061,M0121,2023-03-18,4
O4463,U0837,M0030,2023-10-18,4
O4464,U0590,E0089,2023-02-05,2
O4465,U0167,F0071,2023-08-02,4
O4466,U0046,E0001,2023-11-25,4
O4467,U0796,G0023,2023-10-21,1
O4468,U0184,E0014,2023-11-06,3
O4469,U0679,F0103,2023-01-01,3
O4470,U0754,M0067,2023-10-04,1
O4471,U0742,F0015,2023-02-08,1
O4472,U0315,M0022,2023-06-08,2
O4473,U0658,M0043,2023-09-13,3
O4474,U0749,E0076,2023-01-29,1
O4475,U0250,E0013,2023-02-20,4
O4476,U0096,M0013,2023-02-05,4
O4477,U0979,M0052,2023-04-11,3
O4478,U0570,E0118,2023-10-18,1
O4479,U0407,M0009,2023-03-17,3
O4480,U0394,F0077,2023-03-17,1
O4481,U0714,F0047,2023-07-29,2
O4482,U0218,F0031,2023-03-18,3
O4483,U0417,G0110,2023-11-06,3
O4484,U0332,F0036,2023-12-24,3
O4485,U0162,M0001,2023-01-28,4
O4486,U0845,E0027,2023-08-01,1
O4487,U0992,G0051,2023-01-27,1
O4488,U0274,E0079,2023-02-26,3
O4489,U0790,M0033,2023-03-05,4
O4490,U0317,M0019,2023-06-05,3
O4491,U0149,G0080,2023-09-13,1
O4492,U0264,E0013,2023-06-11,4
O4493,U0973,F0089,2023-01-31,3
O4494,U0265,M0002,2023-01-02,1
O4495,U0371,E0117,2023-05-26,3
O4496,U0176,M0080,2023-07-23,3
O4497,U0462,F0006,2023-02-28,1
O4498,U0655,G0078,2023-06-16,1
O4499,U0603,E0068,2023-10-06,3
O4500,U0163,M0111,2023-06-03,4
O4501,U0786,M0076,2023-08-23,1
O4502,U0132,M0033,2023-02-02,4
O4503,U0739,M0096,2023-08-09,1
O4504,U0874,M0017,2023-06-09,4
O4505,U0559,M0079,2023-10-17,3
O4506,U0365,G0024,2023-03-07,1
O4507,U0224,M0108,2023-09-18,2
O4508,U0166,M0078,2023-08-23,3
O4509,U0402,F0046,2023-02-04,3
O4510,U0794,M0003,2023-10-22,2
O4511,U0815,G0062,2023-09-14,2
O4512,U0459,M0082,2023-03-07,2
O4513,U0403,E0098,2023-02-04,3
O4514,U0367,M0055,2023-03-09,2
O4515,U0011,F0118,2023-08-01,1
O4516,U0850,M0016,2023-12-17,4
O4517,U0327,M0098,2023-01-07,1
O4518,U0813,E0042,2023-05-27,1
O4519,U0956,M0055,2023-02-21,3
O4520,U0826,F0068,2023-04-19,3
O4521,U0612,F0078,2023-01-10,2
O4522,U0598,F0120,2023-03-09,3
O4523,U0575,M0066,2023-02-19,1
O4524,U0343,E0113,2023-11-02,4
O4525,U0655,G0046,2023-08-13,4
O4526,U0889,G0097,2023-11-28,3
O4527,U0570,F0054,2023-12-24,3
O4528,U0577,G0075,2023-10-12,1
O4529,U0311,M0117,2023-05-23,2
O4530,U0878,G0095,2023-06-13,4
O4531,U0251,G0096,2023-04-27,4
O4532,U0136,G0040,2023-10-21,4
O4533,U0775,M0004,2023-01-17,3
O4534,U0380,G0019,2023-05-10,3
O4535,U0978,M0002,2023-02-14,4
O4536,U0564,E0073,2023-06-26,3
O4537,U0177,G0085,2023-04-15,1
O4538,U0201,G0097,2023-06-20,4
O4539,U0270,G0040,2023-06-10,3
O4540,U0018,E0007,2023-06-22,3
O4541,U0527,M0108,2023-11-19,2
O4542,U0529,G0020,2023-01-13,3
O4543,U0689,E0069,2023-07-24,1
O4544,U0028,G0041,2023-01-31,4
O4545,U0583,E0047,2023-11-09,1
O4546,U0265,F0109,2023-10-08,3
O4547,U0418,F0111,2023-11-09,3
O4548,U0396,E0063,2023-04-10,2
O4549,U0624,E0124,2023-08-27,4
O4550,U0570,F0034,2023-03-31,1
O4551,U0772,E0092,2023-05-15,4
O4552,U0841,E0078,2023-07-01,3
O4553,U0580,M0012,2023-02-22,2
O4554,U0673,M0095,2023-12-22,1
O4555,U0118,E0024,2023-02-28,2
O4556,U0842,G0027,2023-10-11,4
O4557,U0010,M0053,2023-01-28,2
O4558,U0989,M0028,2023-05-09,3
O4559,U0588,E0064,2023-12-20,2
O4560,U0494,F0093,2023-04-02,3
O4561,U0315,M0124,2023-03-22,4
O4562,U0102,M0001,2023-01-24,4
O4563,U0617,E0077,2023-06-20,4
O4564,U0077,E0028,2023-05-10,4
O4565,U0550,M0087,2023-04-06,1
O4566,U0869,E0106,2023-04-28,4
O4567,U0153,G0091,2023-10-21,1
O4568,U0123,E0099,2023-02-09,4
O4569,U0781,E0119,2023-05-08,3
O4570,U0096,E0091,2023-08-06,4
O4571,U0487,F0039,2023-11-25,1
O4572,U0039,G0012,2023-11-27,3
O4573,U0269,E0089,2023-06-30,2
O4574,U0405,M0075,2023-11-15,1
O4575,U0192,G0112,2023-11-11,4
O4576,U0046,F0084,2023-04-08,4
O4577,U0116,F0031,2023-03-16,3
O4578,U0618,M0045,2023-06-30,1
O4579,U0990,E0108,2023-09-26,2
O4580,U0449,M0108,2023-12-30,4
O4581,U0768,E0036,2023-06-17,2
O4582,U0863,M0073,2023-01-23,4
O4583,U0185,F0109,2023-02-19,2
O4584,U0655,E0104,2023-04-26,4
O4585,U0982,M0051,2023-02-22,4
O4586,U0004,G0090,2023-10-08,2
O4587,U0047,E0075,2023-12-04,4
O4588,U0643,E0054,2023-07-27,4
O4589,U0618,E0070,2023-09-28,1
O4590,U0135,M0119,2023-12-13,2
O4591,U0035,F0026,2023-12-22,3
O4592,U0243,G0076,2023-11-11,2
O4593,U0525,E0026,2023-09-16,2
O4594,U0851,E0091,2023-02-06,1
O4595,U0031,M0040,2023-04-30,2
O4596,U0372,M0029,2023-10-15,2
O4597,U0180,F0030,2023-10-06,2
O4598,U0383,G0045,2023-09-27,4
O4599,U0237,G0042,2023-12-17,3
O4600,U0555,F0104,2023-04-10,1
O4601,U0405,F0115,2023-04-29,1
O4602,U0881,M0063,2023-07-31,2
O4603,U0590,G0049,2023-08-16,1
O4604,U0630,F0075,2023-10-30,2
O4605,U0286,F0017,2023-03-09,4
O4606,U0142,E0049,2023-08-02,1
O4607,U0641,G0042,2023-04-04,1
O4608,U0490,E0081,2023-04-28,4
O4609,U0398,F0011,2023-10-16,1
O4610,U0321,F0055,2023-06-24,1
O4611,U0532,M0025,2023-11-19,2
O4612,U0986,M0015,2023-10-25,2
O4613,U0466,E0038,2023-10-30,3
O4614,U0249,E0062,2023-11-28,3
O4615,U0292,E0086,2023-09-05,2
O4616,U0268,G0113,2023-11-07,2
O4617,U0490,F0057,2023-07-03,4
O4618,U0659,M0020,2023-04-23,1
O4619,U0813,E0122,2023-03-11,2
O4620,U0601,E0092,2023-02-08,3
O4621,U0686,E0029,2023-10-29,2
O4622,U0044,M0106,2023-04-07,3
O4623,U0889,G0012,2023-02-26,3
O4624,U0751,G0056,2023-05-21,4
O4625,U0606,E0111,2023-02-21,1
O4626,U0029,E0103,2023-04-01,3
O4627,U0689,F0030,2023-04-06,1
O4628,U0065,F0057,2023-08-19,3
O4629,U0140,G0056,2023-04-03,2
O4630,U0313,M0049,2023-04-19,3
O4631,U0143,E0108,2023-06-30,1
O4632,U0513,E0121,2023-03-18,3
O4633,U0180,G0057,2023-01-18,1
O4634,U0452,G0084,2023-11-07,4
O4635,U0360,M0002,2023-07-06,2
O4636,U0035,G0106,2023-01-19,4
O4637,U0058,F0092,2023-10-31,1
O4638,U0476,E0052,2023-07-18,3
O4639,U0893,F0105,2023-11-28,4
O4640,U0144,M0116,2023-02-13,2
O4641,U0534,E0030,2023-07-08,3
O4642,U0309,G0093,2023-07-13,2
O4643,U0245,G0080,2023-08-27,4
O4644,U0611,E0039,2023-11-07,3
O4645,U0439,E0081,2023-12-03,4
O4646,U0941,E0022,2023-03-16,2
O4647,U0255,F0034,2023-12-23,2
O4648,U0868,F0035,2023-11-14,1
O4649,U0116,F0060,2023-12-13,3
O4650,U0906,G0113,2023-08-27,4
O4651,U0677,M0053,2023-12-16,3
O4652,U0298,F0101,2023-09-06,4
O4653,U0336,F0026,2023-12-27,4
O4654,U0006,M0125,2023-10-13,3
O4655,U0048,F0040,2023-05-03,1
O4656,U0535,E0112,2023-06-07,2
O4657,U0976,M0110,2023-04-19,2
O4658,U0026,M0057,2023-10-23,2
O4659,U0471,M0112,2023-04-17,2
O4660,U0095,F0047,2023-06-27,1
O4661,U0681,F0123,2023-09-20,3
O4662,U0214,M0096,2023-03-05,2
O4663,U0314,G0089,2023-04-03,3
O4664,U0520,G0102,2023-03-03,3
O4665,U0852,M0017,2023-05-21,3
O4666,U0450,G0043,2023-03-08,2
O4667,U0082,F0049,2023-01-25,3
O4668,U0171,E0103,2023-03-22,2
O4669,U0957,F0008,2023-01-19,2
O4670,U0969,F0087,2023-10-15,4
O4671,U0666,M0064,2023-05-06,1
O4672,U0085,G0117,2023-03-27,3
O4673,U0426,M0029,2023-06-22,1
O4674,U0911,F0055,2023-04-29,3
O4675,U0202,E0091,2023-08-15,3
O4676,U0822,F0047,2023-07-08,3
O4677,U0892,G0121,2023-08-11,4
O4678,U0807,M0072,2023-08-25,2
O4679,U0895,G0008,2023-05-07,1
O4680,U0710,F0102,2023-05-08,3
O4681,U0765,F0075,2023-11-17,2
O4682,U0530,F0028,2023-12-14,1
O4683,U0999,M0110,2023-06-12,3
O4684,U0612,G0006,2023-12-27,3
O4685,U0120,F0015,2023-04-07,3
O4686,U0209,F0087,2023-01-21,4
O4687,U0535,M0044,2023-05-04,1
O4688,U0759,F0036,2023-03-19,2
O4689,U0459,G0053,2023-12-26,2
O4690,U0559,F0083,2023-11-29,2
O4691,U0984,F0085,2023-08-29,2
O4692,U0784,E0118,2023-11-14,2
O4693,U0331,G0064,2023-07-09,4
O4694,U0952,E0096,2023-02-21,1
O4695,U0975,E0009,2023-09-08,2
O4696,U0250,G0086,2023-05-17,2
O4697,U0534,F0050,2023-03-22,4
O4698,U0487,F0066,2023-03-24,3
O4699,U0725,F0107,2023-08-22,2
O4700,U0172,E0015,2023-10-25,4
O4701,U0201,G0112,2023-06-29,4
O4702,U0139,M0018,2023-10-21,4
O4703,U0021,M0120,2023-02-10,2
O4704,U0808,G0052,2023-08-25,4
O4705,U0490,E0058,2023-10-05,3
O4706,U0347,M0085,2023-11-13,1
O4707,U0459,M0014,2023-12-17,1
O4708,U0210,M0097,2023-02-23,2
O4709,U0045,G0005,2023-11-30,1
O4710,U0732,M0004,2023-12-10,3
O4711,U0728,F0019,2023-06-29,3
O4712,U0918,F0110,2023-11-09,1
O4713,U0643,M0096,2023-08-07,2
O4714,U0764,M0109,2023-11-28,3
O4715,U0873,F0078,2023-08-07,4
O4716,U0435,G0062,2023-08-01,2
O4717,U0407,G0015,2023-05-16,2
O4718,U0506,F0122,2023-05-05,2
O4719,U0899,G0043,2023-07-19,3
O4720,U0472,F0003,2023-10-09,3
O4721,U0701,E0005,2023-04-29,2
O4722,U0083,M0074,2023-06-01,2
O4723,U0651,F0015,2023-01-21,1
O4724,U0294,E0053,2023-05-06,3
O4725,U0459,M0018,2023-04-10,3
O4726,U0293,F0028,2023-12-15,4
O4727,U0299,G0093,2023-08-28,1
O4728,U0471,M0015,2023-04-26,3
O4729,U0297,G0122,2023-04-29,1
O4730,U0342,F0065,2023-01-26,1
O4731,U0094,M0018,2023-03-09,4
O4732,U0082,M0009,2023-10-08,1
O4733,U0335,M0031,2023-01-01,1
O4734,U0285,G0094,2023-09-23,3
O4735,U0536,F0035,2023-06-23,1
O4736,U0569,E0054,2023-01-27,1
O4737,U0477,F0072,2023-03-02,3
O4738,U0859,E0119,2023-06-06,1
O4739,U0186,E0020,2023-01-08,4
O4740,U0472,E0079,2023-02-02,2
O4741,U0979,M0090,2023-12-16,1
O4742,U0024,G0109,2023-08-25,4
O4743,U0772,E0017,2023-04-06,2
O4744,U0651,G0057,2023-10-31,4
O4745,U0099,E0096,2023-08-11,4
O4746,U0396,M0010,2023-01-17,4
O4747,U0141,E0033,2023-12-24,3
O4748,U0246,F0067,2023-03-11,4
O4749,U0799,F0029,2023-03-18,3
O4750,U0618,M0081,2023-10-21,2
O4751,U0112,F0091,2023-09-20,3
O4752,U0368,M0116,2023-10-01,3
O4753,U0665,F0020,2023-03-29,2
O4754,U0853,E0101,2023-07-01,1
O4755,U0229,F0070,2023-01-22,2
O4756,U0109,M0018,2023-08-22,3
O4757,U0966,G0112,2023-11-30,4
O4758,U0400,E0034,2023-12-20,3
O4759,U0973,M0074,2023-11-14,3
O4760,U0965,E0027,2023-05-05,2
O4761,U0050,F0106,2023-03-02,1
O4762,U0189,G0001,2023-02-26,3
O4763,U0127,E0115,2023-02-11,2
O4764,U0795,M0121,2023-09-07,2
O4765,U0328,M0106,2023-10-05,3
O4766,U0498,E0025,2023-06-14,3
O4767,U0057,M0120,2023-02-27,1
O4768,U0855,E0105,2023-08-26,3
O4769,U0164,G0121,2023-12-12,4
O4770,U0145,G0072,2023-10-21,3
O4771,U0009,E0070,2023-08-13,3
O4772,U0457,E0036,2023-03-08,1
O4773,U0448,F0056,2023-07-27,4
O4774,U0878,E0043,2023-08-29,3
O4775,U0599,F0122,2023-05-27,4
O4776,U0513,G0033,2023-09-03,1
O4777,U0207,E0039,2023-10-11,2
O4778,U0023,M0069,2023-02-10,4
O4779,U0196,G0005,2023-09-03,2
O4780,U0381,G0065,2023-11-22,4
O4781,U0901,E0056,2023-04-03,3
O4782,U0910,M0111,2023-01-20,1
O4783,U0944,G0094,2023-03-31,2
O4784,U0686,G0034,2023-02-06,3
O4785,U0738,F0109,2023-04-14,3
O4786,U0525,E0040,2023-09-11,2
O4787,U0901,E0090,2023-02-06,1
O4788,U0432,F0017,2023-04-26,1
O4789,U0736,M0015,2023-09-16,4
O4790,U0055,G0100,2023-12-09,3
O4791,U0061,M0064,2023-12-08,4
O4792,U0845,G0117,2023-04-02,4
O4793,U0294,E0036,2023-09-15,3
O4794,U0279,G0046,2023-09-17,1
O4795,U0626,E0099,2023-04-21,2
O4796,U0009,E0070,2023-10-15,3
O4797,U0628,M0109,2023-08-30,3
O4798,U0202,G0041,2023-08-14,4
O4799,U0700,G0041,2023-01-23,2
O4800,U0314,M0101,2023-02-13,1
O4801,U0876,F0092,2023-11-30,4
O4802,U0839,E0066,2023-06-22,1
O4803,U0077,F0009,2023-04-16,4
O4804,U0559,G0119,2023-07-15,1
O4805,U0420,M0066,2023-10-22,4
O4806,U0232,F0052,2023-07-07,4
O4807,U0565,M0032,2023-01-23,2
O4808,U0515,G0063,2023-06-01,2
O4809,U0019,F0079,2023-01-29,3
O4810,U0670,G0010,2023-05-03,4
O4811,U0758,E0115,2023-10-16,2
O4812,U0836,E0087,2023-06-09,4
O4813,U0762,G0080,2023-10-03,1
O4814,U0993,G0078,2023-07-09,2
O4815,U0965,E0049,2023-03-21,3
O4816,U0832,E0122,2023-04-05,4
O4817,U0611,F0021,2023-01-04,1
O4818,U0962,E0092,2023-10-27,1
O4819,U0593,E0087,2023-10-12,1
O4820,U0947,M0069,2023-07-31,4
O4821,U0878,M0035,2023-12-02,1
O4822,U0585,M0082,2023-06-22,1
O4823,U0901,G0029,2023-01-30,3
O4824,U0379,M0009,2023-11-11,2
O4825,U0393,E0101,2023-08-30,1
O4826,U0892,G0019,2023-09-16,2
O4827,U0952,E0026,2023-09-28,3
O4828,U0630,G0088,2023-03-13,2
O4829,U0146,M0021,2023-12-16,3
O4830,U0194,F0023,2023-10-19,3
O4831,U0493,E0079,2023-03-21,2
O4832,U0086,F0094,2023-07-10,3
O4833,U0039,G0016,2023-01-07,4
O4834,U0472,E0023,2023-08-25,4
O4835,U0050,M0112,2023-08-31,4
O4836,U0072,G0093,2023-04-24,2
O4837,U0378,F0063,2023-11-13,2
O4838,U0413,F0014,2023-04-02,3
O4839,U0256,G0035,2023-12-29,3
O4840,U0325,G0004,2023-08-22,4
O4841,U0650,E0054,2023-04-18,4
O4842,U0982,E0031,2023-12-05,3
O4843,U0391,G0104,2023-10-03,2
O4844,U0519,E0028,2023-11-12,4
O4845,U0731,F0120,2023-02-03,1
O4846,U0669,E0088,2023-08-19,4
O4847,U0700,M0067,2023-10-22,1
O4848,U0963,F0007,2023-04-01,3
O4849,U0785,M0056,2023-12-04,2
O4850,U0503,E0060,2023-01-31,1
O4851,U0240,M0102,2023-08-16,3
O4852,U0764,F0121,2023-09-27,2
O4853,U0954,M0092,2023-06-27,2
O4854,U0807,F0124,2023-03-09,2
O4855,U0580,F0113,2023-12-26,3
O4856,U0081,G0014,2023-08-09,2
O4857,U0841,M0037,2023-01-19,4
O4858,U0832,M0028,2023-02-27,1
O4859,U0367,M0008,2023-02-17,2
O4860,U0392,E0031,2023-02-28,1
O4861,U0064,G0125,2023-10-01,3
O4862,U0277,F0095,2023-12-28,3
O4863,U0266,G0006,2023-09-24,4
O4864,U0433,G0038,2023-11-14,4
O4865,U0399,M0042,2023-12-09,3
O4866,U0543,M0022,2023-08-28,3
O4867,U0530,E0049,2023-08-25,2
O4868,U0876,F0105,2023-03-14,2
O4869,U0225,M0097,2023-11-14,3
O4870,U0153,G0024,2023-02-20,1
O4871,U0425,E0107,2023-10-07,1
O4872,U0881,M0091,2023-08-13,2
O4873,U0534,G0016,2023-09-04,2
O4874,U0568,F0042,2023-06-25,1
O4875,U0643,E0107,2023-03-01,1
O4876,U0170,F0096,2023-04-17,3
O4877,U0038,M0014,2023-12-08,2
O4878,U0872,G0015,2023-04-27,4
O4879,U0826,G0095,2023-09-28,1
O4880,U0748,F0039,2023-05-27,1
O4881,U0526,M0051,2023-01-14,2
O4882,U0870,E0054,2023-10-20,3
O4883,U0702,M0034,2023-12-21,1
O4884,U0996,E0109,2023-10-18,3
O4885,U0725,G0120,2023-07-15,2
O4886,U0174,F0099,2023-10-13,3
O4887,U0067,E0079,2023-02-04,3
O4888,U0710,E0112,2023-07-30,2
O4889,U0662,G0119,2023-10-12,3
O4890,U0339,G0116,2023-01-27,3
O4891,U0961,E0005,2023-11-06,4
O4892,U0750,F0122,2023-07-24,3
O4893,U0057,E0011,2023-06-06,2
O4894,U0085,M0124,2023-03-30,4
O4895,U0767,G0029,2023-02-03,3
O4896,U0617,E0115,2023-12-20,4
O4897,U0902,F0037,2023-11-12,2
O4898,U0873,G0110,2023-05-05,4
O4899,U0578,E0036,2023-06-24,4
O4900,U0577,E0010,2023-03-21,3
O4901,U0539,G0073,2023-11-01,2
O4902,U0908,F0086,2023-04-01,3
O4903,U0573,G0090,2023-11-30,2
O4904,U0672,F0048,2023-03-17,1
O4905,U0673,M0033,2023-01-23,1
O4906,U0386,G0056,2023-04-13,2
O4907,U0637,M0022,2023-09-23,1
O4908,U0240,F0086,2023-01-09,1
O4909,U0956,F0025,2023-05-11,2
O4910,U0897,F0073,2023-06-02,1
O4911,U0652,G0043,2023-03-12,4
O4912,U0570,E0104,2023-03-22,2
O4913,U0151,E0102,2023-01-19,4
O4914,U0246,M0052,2023-04-17,1
O4915,U0481,E0081,2023-05-27,1
O4916,U0284,M0075,2023-07-17,1
O4917,U0870,G0037,2023-08-28,2
O4918,U0870,M0020,2023-01-06,3
O4919,U0516,E0039,2023-12-18,4
O4920,U0039,G0008,2023-10-30,4
O4921,U0819,F0099,2023-10-10,2
O4922,U0696,M0062,2023-12-15,1
O4923,U0442,M0056,2023-05-23,3
O4924,U0699,G0109,2023-01-27,1
O4925,U0943,F0040,2023-05-25,3
O4926,U0342,E0121,2023-10-16,2
O4927,U0255,G0014,2023-06-10,3
O4928,U0956,M0066,2023-10-24,2
O4929,U0054,G0010,2023-06-20,1
O4930,U0901,G0067,2023-11-05,2
O4931,U0437,E0089,2023-09-08,1
O4932,U0232,E0010,2023-12-13,4
O4933,U0084,M0058,2023-04-12,4
O4934,U0066,M0034,2023-05-08,2
O4935,U0174,M0107,2023-09-01,3
O4936,U0600,E0091,2023-10-17,3
O4937,U0887,F0066,2023-11-25,1
O4938,U0541,M0113,2023-07-19,1
O4939,U0219,E0094,2023-08-28,4
O4940,U0530,E0017,2023-03-12,1
O4941,U0918,M0006,2023-07-28,4
O4942,U0930,G0031,2023-07-27,1
O4943,U0828,F0105,2023-06-12,1
O4944,U0047,G0077,2023-05-07,3
O4945,U0845,E0109,2023-11-08,4
O4946,U0190,E0093,2023-03-15,4
O4947,U0515,G0013,2023-11-20,3
O4948,U0943,M0014,2023-12-07,3
O4949,U0913,E0096,2023-07-20,4
O4950,U0874,M0098,2023-08-09,3
O4951,U0106,M0114,2023-07-02,3
O4952,U0177,F0049,2023-05-12,2
O4953,U0074,F0023,2023-08-07,1
O4954,U0443,E0031,2023-04-19,2
O4955,U0197,M0067,2023-03-08,4
O4956,U0124,G0103,2023-02-18,4
O4957,U0968,G0005,2023-01-08,4
O4958,U0798,G0045,2023-02-10,1
O4959,U0503,E0063,2023-09-13,2
O4960,U0568,F0111,2023-07-26,3
O4961,U0584,M0030,2023-11-17,4
O4962,U0431,G0071,2023-02-11,1
O4963,U0204,M0092,2023-10-31,3
O4964,U0939,G0087,2023-05-15,2
O4965,U0855,M0016,2023-07-28,4
O4966,U0357,E0014,2023-05-07,1
O4967,U0129,E0119,2023-01-27,2
O4968,U0426,E0110,2023-02-27,1
O4969,U0630,E0009,2023-02-18,3
O4970,U0743,M0096,2023-05-25,4
O4971,U0979,E0068,2023-01-10,2
O4972,U0481,M0021,2023-08-12,1
O4973,U0879,E0049,2023-03-18,3
O4974,U0635,M0030,2023-11-18,2
O4975,U0906,G0086,2023-01-09,4
O4976,U0097,M0101,2023-01-17,4
O4977,U0313,F0123,2023-03-08,1
O4978,U0715,F0021,2023-07-25,4
O4979,U0654,G0073,2023-08-21,1
O4980,U0036,F0112,2023-03-09,2
O4981,U0231,G0090,2023-06-10,3
O4982,U0465,M0059,2023-10-14,3
O4983,U0273,E0095,2023-02-26,3
O4984,U0787,E0070,2023-09-10,3
O4985,U0391,G0046,2023-11-09,4
O4986,U0651,E0109,2023-06-17,4
O4987,U0705,M0102,2023-06-24,3
O4988,U0757,G0067,2023-11-11,3
O4989,U0827,E0068,2023-03-07,1
O4990,U0085,E0019,2023-05-02,1
O4991,U0678,M0032,2023-03-28,1
O4992,U0715,G0035,2023-12-14,3
O4993,U0558,M0110,2023-02-09,2
O4994,U0145,M0120,2023-02-08,3
O4995,U0789,E0001,2023-07-12,1
O4996,U0395,F0076,2023-08-31,2
O4997,U0454,F0025,2023-02-06,3
O4998,U0212,F0017,2023-12-22,3
O4999,U0407,F0063,2023-08-17,1
O5000,U0855,M0061,2023-02-18,4
